file,offset,japanese_text,english_text,confidence,source_section,priority,translation_status,translation_timestamp
romfs/fe/tuto_007.rtz,0x3B4C,"䭶籢䈀䐰昰簰㸀欀笰␀㌀㌀㘀㘀　　紀ሀ샿ﰰ렰鈰笰␀紀਀笀␀㌀㌀㘀㘀　　紀㰀簀฀籎䈀弰簰㸀䠀笰␀紀褀谰謰渰Ȱ鼰゚だけど、<|今回|こんかい|>あなたは{$336600}ヴァンガード{$}で
アタック","  APARTMENT㘀㘀 紀مم 紀 APARTMENT  紀 紀褀谰謰渰Ȱ鼰゚, BUT<|今回|こんかい|>YOU ARE{$336600}VANGUARD{$}
ア",0.95,file_end,HIGH,COMPLETED,2025-07-30T17:03:00.254677
romfs/fe/tuto_007.rtz,0x3B4E,"䭶籢䈀䐰昰簰㸀欀笰␀㌀㌀㘀㘀　　紀ሀ샿ﰰ렰鈰笰␀紀਀笀␀㌀㌀㘀㘀　　紀㰀簀฀籎䈀弰簰㸀䠀笰␀紀褀谰謰渰Ȱ鼰゚だけど、<|今回|こんかい|>あなたは{$336600}ヴァンガード{$}で
アタックし","  APARTMENT㘀㘀 紀مم 紀 APARTMENT  紀 紀褀谰謰渰Ȱ鼰゚, BUT<|今回|こんかい|>YOU ARE{$336600}VANGUARD{$}
ア",0.95,file_end,HIGH,COMPLETED,2025-07-30T17:03:00.658770
romfs/fe/tuto_007.rtz,0x3B50,"籢䈀䐰昰簰㸀欀笰␀㌀㌀㘀㘀　　紀ሀ샿ﰰ렰鈰笰␀紀਀笀␀㌀㌀㘀㘀　　紀㰀簀฀籎䈀弰簰㸀䠀笰␀紀褀谰謰渰Ȱ鼰゚だけど、<|今回|こんかい|>あなたは{$336600}ヴァンガード{$}で
アタックした","  APARTMENT㘀㘀 紀مم 紀 APARTMENT  紀 紀褀谰謰渰Ȱ鼰゚, BUT<|今回|こんかい|>YOU ARE{$336600}VANGUARD{$}
ATTACKED",0.95,file_end,HIGH,COMPLETED,2025-07-30T17:03:01.090150
romfs/fe/tuto_007.rtz,0x3B52,"䈀䐰昰簰㸀欀笰␀㌀㌀㘀㘀　　紀ሀ샿ﰰ렰鈰笰␀紀਀笀␀㌀㌀㘀㘀　　紀㰀簀฀籎䈀弰簰㸀䠀笰␀紀褀谰謰渰Ȱ鼰゚だけど、<|今回|こんかい|>あなたは{$336600}ヴァンガード{$}で
アタックしたよ","  APARTMENT㘀㘀 紀مم 紀 APARTMENT  紀 紀褀谰謰渰Ȱ鼰゚, BUT<|今回|こんかい|>YOU ARE{$336600}VANGUARD{$}
ア",0.95,file_end,HIGH,COMPLETED,2025-07-30T17:03:01.503424
romfs/fe/tuto_007.rtz,0x3B54,"䐰昰簰㸀欀笰␀㌀㌀㘀㘀　　紀ሀ샿ﰰ렰鈰笰␀紀਀笀␀㌀㌀㘀㘀　　紀㰀簀฀籎䈀弰簰㸀䠀笰␀紀褀谰謰渰Ȱ鼰゚だけど、<|今回|こんかい|>あなたは{$336600}ヴァンガード{$}で
アタックしたよね","  APARTMENT㘀㘀 紀مم 紀 APARTMENT  紀 紀褀谰謰渰Ȱ鼰゚, BUT<|今回|こんかい|>YOU ARE{$336600}VANGUARD{$}
ア",0.95,file_end,HIGH,COMPLETED,2025-07-30T17:03:01.947290
romfs/fe/tuto_007.rtz,0x3B56,"昰簰㸀欀笰␀㌀㌀㘀㘀　　紀ሀ샿ﰰ렰鈰笰␀紀਀笀␀㌀㌀㘀㘀　　紀㰀簀฀籎䈀弰簰㸀䠀笰␀紀褀谰謰渰Ȱ鼰゚だけど、<|今回|こんかい|>あなたは{$336600}ヴァンガード{$}で
アタックしたよね？","  APARTMENT㘀㘀 紀مم 紀 APARTMENT  紀 紀褀谰謰渰Ȱ鼰゚, BUT<|今回|こんかい|>YOU ARE{$336600}VANGUARD{$}
I'MックING",0.95,file_end,HIGH,COMPLETED,2025-07-30T17:03:02.379134
romfs/fe/tuto_007.rtz,0x3B58,"簰㸀欀笰␀㌀㌀㘀㘀　　紀ሀ샿ﰰ렰鈰笰␀紀਀笀␀㌀㌀㘀㘀　　紀㰀簀฀籎䈀弰簰㸀䠀笰␀紀褀谰謰渰Ȱ鼰゚だけど、<|今回|こんかい|>あなたは{$336600}ヴァンガード{$}で
アタックしたよね？쓁","  APARTMENT㘀㘀 紀مم 紀 APARTMENT  紀 紀褀谰謰渰Ȱ鼰゚, BUT<|今回|こんかい|>YOU ARE{$336600}VANGUARD{$}
",0.95,file_end,HIGH,COMPLETED,2025-07-30T17:03:02.795976
romfs/fe/tuto_007.rtz,0x3B5A,"㸀欀笰␀㌀㌀㘀㘀　　紀ሀ샿ﰰ렰鈰笰␀紀਀笀␀㌀㌀㘀㘀　　紀㰀簀฀籎䈀弰簰㸀䠀笰␀紀褀谰謰渰Ȱ鼰゚だけど、<|今回|こんかい|>あなたは{$336600}ヴァンガード{$}で
アタックしたよね？쓁鶀","  APARTMENT㘀㘀 紀مم 紀 APARTMENT  紀 紀褀谰謰渰Ȱ鼰゚, BUT<|今回|こんかい|>YOU ARE{$336600}VANGUARD{$}
",0.95,file_end,HIGH,COMPLETED,2025-07-30T17:03:03.179871
romfs/script/FEV_G_S_03.rtz,0x5E0E,"浸躷㰩簀뀀籥䈀弰褰簰㸀圀䐰㰰簀籓圀蜰䘰吰䘰簰㸀鈀㰰簀攀䭑籢欀蔰䘰地蔰簰㸀圀縰地弰Ȱ蜑䦚<|相手|あいて|>リアガードに、<|自分|じぶん|>のヴァンガードがアタック
された<|場合|ばあい|>の","ヴァン<|相手|あいて|>REAR GUARD
<|場合|ばあい|>",0.95,file_end,HIGH,COMPLETED,2025-07-30T17:03:03.489192
romfs/script/FEV_G_S_03.rtz,0x5E10,"躷㰩簀뀀籥䈀弰褰簰㸀圀䐰㰰簀籓圀蜰䘰吰䘰簰㸀鈀㰰簀攀䭑籢欀蔰䘰地蔰簰㸀圀縰地弰Ȱ蜑䦚<|相手|あいて|>リアガードに、<|自分|じぶん|>のヴァンガードがアタック
された<|場合|ばあい|>の、","ヴァン<|相手|あいて|>REAR GUARD、<|自分|じぶん|> VANGUARD
<|場合|ばあい|>",0.95,file_end,HIGH,COMPLETED,2025-07-30T17:03:03.775874
romfs/fe/tuto_007.rtz,0x3BEC,"6600}ヴァンガード{$}で
アタック","6600} VANGUARD{$}
ア",0.85,file_end,HIGH,COMPLETED,2025-07-30T17:03:04.012069
romfs/fe/tuto_007.rtz,0x3BEE,"600}ヴァンガード{$}で
アタックし","600} VANGUARD{$}
ア",0.85,file_end,HIGH,COMPLETED,2025-07-30T17:03:04.253648
romfs/fe/tuto_007.rtz,0x3BF0,"00}ヴァンガード{$}で
アタックした","00} VANGUARD{$}
ATTACKED",0.85,file_end,HIGH,COMPLETED,2025-07-30T17:03:04.480238
romfs/fe/tuto_007.rtz,0x3BF2,"0}ヴァンガード{$}で
アタックしたよ","0} VANGUARD{$}
ア",0.85,file_end,HIGH,COMPLETED,2025-07-30T17:03:04.722093
romfs/fe/tuto_007.rtz,0x3BF4,"}ヴァンガード{$}で
アタックしたよね","}VANGUARD{$}
ア",0.85,file_end,HIGH,COMPLETED,2025-07-30T17:03:04.964619
romfs/fe/tuto_007.rtz,0x4008,搰簰㸀渀쬰쌰젰䰰笰␀㌀㌀㘀㘀　　紀ꈀ뼰쌰꼰夰謰㰰簀䈀籦栀䴰簰㸀笀␀紀Āꌰ芩㶰ヴァンガードでアタック,  APARTMENT APARTMENT   ATAC IN BOLIVIA,0.85,file_end,HIGH,COMPLETED,2025-07-30T17:03:05.184550
romfs/fe/tuto_007.rtz,0x400A,簰㸀渀쬰쌰젰䰰笰␀㌀㌀㘀㘀　　紀ꈀ뼰쌰꼰夰謰㰰簀䈀籦栀䴰簰㸀笀␀紀Āꌰ芩㶰ヴァンガードでアタックし,  APARTMENT APARTMENT   TACKLE WITH BOLIVIA VANGUARD,0.85,file_end,HIGH,COMPLETED,2025-07-30T17:03:05.400287
romfs/fe/tuto_007.rtz,0x400C,㸀渀쬰쌰젰䰰笰␀㌀㌀㘀㘀　　紀ꈀ뼰쌰꼰夰謰㰰簀䈀籦栀䴰簰㸀笀␀紀Āꌰ芩㶰ヴァンガードでアタックした,  APARTMENT APARTMENT   TUCKED IN BOLIVIA VANGUARD,0.85,file_end,HIGH,COMPLETED,2025-07-30T17:03:05.619507
romfs/fe/tuto_007.rtz,0x400E,渀쬰쌰젰䰰笰␀㌀㌀㘀㘀　　紀ꈀ뼰쌰꼰夰謰㰰簀䈀籦栀䴰簰㸀笀␀紀Āꌰ芩㶰ヴァンガードでアタックした<,  APARTMENT APARTMENT   ATTACKED BY KIRORO VANGUARD <,0.85,file_end,HIGH,COMPLETED,2025-07-30T17:03:05.824877
romfs/fe/tuto_007.rtz,0x4010,쬰쌰젰䰰笰␀㌀㌀㘀㘀　　紀ꈀ뼰쌰꼰夰謰㰰簀䈀籦栀䴰簰㸀笀␀紀Āꌰ芩㶰ヴァンガードでアタックした<|,  APARTMENT APARTMENT   ATAC IN BOLIVIA VANGUARD<|,0.85,file_end,HIGH,COMPLETED,2025-07-30T17:03:06.034160
romfs/fe/tuto_007.rtz,0x4012,쬰쌰젰䰰笰␀㌀㌀㘀㘀　　紀ꈀ뼰쌰꼰夰謰㰰簀䈀籦栀䴰簰㸀笀␀紀Āꌰ芩㶰ヴァンガードでアタックした<|時,  APARTMENT APARTMENT   ATAC IN BOLIVIA VANGUARD<|HOURS,0.85,file_end,HIGH,COMPLETED,2025-07-30T17:03:06.262220
romfs/fe/tuto_007.rtz,0x4014,쌰젰䰰笰␀㌀㌀㘀㘀　　紀ꈀ뼰쌰꼰夰謰㰰簀䈀籦栀䴰簰㸀笀␀紀Āꌰ芩㶰ヴァンガードでアタックした<|時|,  APARTMENT APARTMENT   ATTACHED BY KINKI CABLE VANGUARD <|HOURS|,0.85,file_end,HIGH,COMPLETED,2025-07-30T17:03:06.490642
romfs/fe/tuto_007.rtz,0x4016,젰䰰笰␀㌀㌀㘀㘀　　紀ꈀ뼰쌰꼰夰謰㰰簀䈀籦栀䴰簰㸀笀␀紀Āꌰ芩㶰ヴァンガードでアタックした<|時|と,  APARTMENT APARTMENT   ATTACHED BY KINKI ヴァン VANGUARD < _ H,0.85,file_end,HIGH,COMPLETED,2025-07-30T17:03:06.721113
romfs/fe/tuto_007.rtz,0x4018,䰰笰␀㌀㌀㘀㘀　　紀ꈀ뼰쌰꼰夰謰㰰簀䈀籦栀䴰簰㸀笀␀紀Āꌰ芩㶰ヴァンガードでアタックした<|時|とき,  APARTMENT APARTMENT   ATTACHED BY KINKI ヴァン VANGUARD < _ TIME _ TIME,0.85,file_end,HIGH,COMPLETED,2025-07-30T17:03:06.959451
romfs/fe/tuto_007.rtz,0x401A,笰␀㌀㌀㘀㘀　　紀ꈀ뼰쌰꼰夰謰㰰簀䈀籦栀䴰簰㸀笀␀紀Āꌰ芩㶰ヴァンガードでアタックした<|時|とき|,  APARTMENT APARTMENT   ATTACHED BY KINKI ヴァン VANGUARD < _ TIME _ TIME _,0.85,file_end,HIGH,COMPLETED,2025-07-30T17:03:07.196834
romfs/script/FEV_G_S_03.rtz,0x587A,"⹤整鷲ࢡ獢摟浵祭ꋝꏥ㨋癥湥⽴档⽲歲녟戌彳畤浭役摡੤鿪޹江慯敤ﱲ⋲૊攺敶瑮戯⽧歏쪓┄㈰앤솴◪昺杩瑨戯汴獟慴瑲戯彳慦散╟㐰彤摡⹤整顸Ӻ慦散ᨠ国㸄アタックされたパワーと<|同|おな|>じパワーで
ガード","  م م م م م م م م م 戯 戯 戯 戯 戯 戯 戯 戯 戯 戯 م م م م م م م م م م م م م   م  
",0.85,file_end,HIGH,COMPLETED,2025-07-30T17:03:07.750967
romfs/script/FEV_G_S_03.rtz,0x587C,"整鷲ࢡ獢摟浵祭ꋝꏥ㨋癥湥⽴档⽲歲녟戌彳畤浭役摡੤鿪޹江慯敤ﱲ⋲૊攺敶瑮戯⽧歏쪓┄㈰앤솴◪昺杩瑨戯汴獟慴瑲戯彳慦散╟㐰彤摡⹤整顸Ӻ慦散ᨠ国㸄アタックされたパワーと<|同|おな|>じパワーで
ガードし","م م م م م م م م 戯 戯 戯 戯 戯 戯 戯 戯 戯 戯 戯 戯 戯 戯 戯 戯 戯 戯 戯 戯 戯 戯              
GUARD",0.85,file_end,HIGH,COMPLETED,2025-07-30T17:03:08.302223
romfs/script/FEV_G_S_03.rtz,0x587E,"鷲ࢡ獢摟浵祭ꋝꏥ㨋癥湥⽴档⽲歲녟戌彳畤浭役摡੤鿪޹江慯敤ﱲ⋲૊攺敶瑮戯⽧歏쪓┄㈰앤솴◪昺杩瑨戯汴獟慴瑲戯彳慦散╟㐰彤摡⹤整顸Ӻ慦散ᨠ国㸄アタックされたパワーと<|同|おな|>じパワーで
ガードした","    م م م م م 戯 戯 戯 戯 戯 戯 戯 戯 戯 戯 戯 戯 戯 戯 戯 戯 戯 戯 戯 戯 戯 戯 戯 戯 戯 戯 戯 戯 戯 戯 戯 戯 戯 戯 戯 戯 戯 戯
GUARDED",0.85,file_end,HIGH,COMPLETED,2025-07-30T17:03:09.049932
romfs/script/FEV_G_S_03.rtz,0x5880,"鷲ࢡ獢摟浵祭ꋝꏥ㨋癥湥⽴档⽲歲녟戌彳畤浭役摡੤鿪޹江慯敤ﱲ⋲૊攺敶瑮戯⽧歏쪓┄㈰앤솴◪昺杩瑨戯汴獟慴瑲戯彳慦散╟㐰彤摡⹤整顸Ӻ慦散ᨠ国㸄アタックされたパワーと<|同|おな|>じパワーで
ガードした<","    م م م م م 戯 戯 戯 戯 戯 戯 戯 戯 戯 戯 戯 戯 戯 戯 戯 戯 戯 戯 戯 戯 戯 戯 戯 戯 戯 戯 戯 戯 戯 戯 戯 戯 戯 戯 戯 戯 戯 戯
GUARDED <",0.85,file_end,HIGH,COMPLETED,2025-07-30T17:03:09.641551
romfs/script/FEV_G_S_03.rtz,0x5882,"ࢡ獢摟浵祭ꋝꏥ㨋癥湥⽴档⽲歲녟戌彳畤浭役摡੤鿪޹江慯敤ﱲ⋲૊攺敶瑮戯⽧歏쪓┄㈰앤솴◪昺杩瑨戯汴獟慴瑲戯彳慦散╟㐰彤摡⹤整顸Ӻ慦散ᨠ国㸄アタックされたパワーと<|同|おな|>じパワーで
ガードした<|","    م م م م م 戯 戯 戯 戯 戯 戯 戯 戯 戯 戯 戯 戯 戯 戯 戯 戯 戯 戯 戯 戯 戯 戯 戯 戯 戯 戯 戯 戯 戯 戯 戯 戯 戯 戯 戯 戯 戯 戯
GUARDED<|",0.85,file_end,HIGH,COMPLETED,2025-07-30T17:03:10.244458
romfs/script/FEV_G_S_03.rtz,0x5884,"獢摟浵祭ꋝꏥ㨋癥湥⽴档⽲歲녟戌彳畤浭役摡੤鿪޹江慯敤ﱲ⋲૊攺敶瑮戯⽧歏쪓┄㈰앤솴◪昺杩瑨戯汴獟慴瑲戯彳慦散╟㐰彤摡⹤整顸Ӻ慦散ᨠ国㸄アタックされたパワーと<|同|おな|>じパワーで
ガードした<|場","    م م م م م 戯 戯 戯 戯 戯 戯 戯 戯 戯 戯 戯 戯 戯 戯 戯 戯 戯 戯 戯 戯 戯 戯 戯 戯 戯 戯 戯 戯 戯 戯 戯 戯 戯 戯 戯 戯 戯 戯
GUARDED < _ PLACE",0.85,file_end,HIGH,COMPLETED,2025-07-30T17:03:10.876688
romfs/script/FEV_G_S_03.rtz,0x5886,"摟浵祭ꋝꏥ㨋癥湥⽴档⽲歲녟戌彳畤浭役摡੤鿪޹江慯敤ﱲ⋲૊攺敶瑮戯⽧歏쪓┄㈰앤솴◪昺杩瑨戯汴獟慴瑲戯彳慦散╟㐰彤摡⹤整顸Ӻ慦散ᨠ国㸄アタックされたパワーと<|同|おな|>じパワーで
ガードした<|場合","    م م م م م 戯 戯 戯 戯 戯 戯 戯 戯 戯 戯 戯 戯 戯 戯 戯 戯 戯 戯 戯 戯 戯 戯 戯 戯 戯 戯 戯 戯 戯 戯 戯 戯 戯 戯 戯 戯 戯 戯
GUARDED <_CASE",0.85,file_end,HIGH,COMPLETED,2025-07-30T17:03:11.645219
romfs/script/FEV_G_S_03.rtz,0x5888,"浵祭ꋝꏥ㨋癥湥⽴档⽲歲녟戌彳畤浭役摡੤鿪޹江慯敤ﱲ⋲૊攺敶瑮戯⽧歏쪓┄㈰앤솴◪昺杩瑨戯汴獟慴瑲戯彳慦散╟㐰彤摡⹤整顸Ӻ慦散ᨠ国㸄アタックされたパワーと<|同|おな|>じパワーで
ガードした<|場合|","    م م م م م 戯 戯 戯 戯 戯 戯 戯 戯 戯 戯 戯 戯 戯 戯 戯 戯 戯 戯 戯 戯 戯 戯 戯 戯 戯 戯 戯 戯 戯 戯 戯 戯 戯 戯 戯 戯 戯 戯
GUARDED < _ CASE _",0.85,file_end,HIGH,COMPLETED,2025-07-30T17:03:12.315355
romfs/script/FEV_G_S_03.rtz,0x588A,"祭ꋝꏥ㨋癥湥⽴档⽲歲녟戌彳畤浭役摡੤鿪޹江慯敤ﱲ⋲૊攺敶瑮戯⽧歏쪓┄㈰앤솴◪昺杩瑨戯汴獟慴瑲戯彳慦散╟㐰彤摡⹤整顸Ӻ慦散ᨠ国㸄アタックされたパワーと<|同|おな|>じパワーで
ガードした<|場合|ば","  م م م م م 戯 戯 戯 戯 戯 戯 戯 戯 戯 戯 戯 戯 戯 戯 戯 戯 戯 戯 戯 戯 戯 戯 戯 戯 م 戯 戯 戯 戯 戯 戯 戯 戯 戯 戯 戯 戯 戯
GUARDED < _ CASE _ BAR",0.85,file_end,HIGH,COMPLETED,2025-07-30T17:03:12.922328
romfs/script/FEV_G_S_03.rtz,0x588C,"ꋝꏥ㨋癥湥⽴档⽲歲녟戌彳畤浭役摡੤鿪޹江慯敤ﱲ⋲૊攺敶瑮戯⽧歏쪓┄㈰앤솴◪昺杩瑨戯汴獟慴瑲戯彳慦散╟㐰彤摡⹤整顸Ӻ慦散ᨠ国㸄アタックされたパワーと<|同|おな|>じパワーで
ガードした<|場合|ばあ","    م م م م 戯 戯 戯 戯 戯 戯 戯 戯 戯 戯 戯 戯 م م م م م م م م م م م م م م م م م م م م م 戯 戯 戯 戯 戯 م م 戯 م
GUARDED <|CASE|BAH",0.85,file_end,HIGH,COMPLETED,2025-07-30T17:03:13.825721
romfs/script/FEV_G_S_03.rtz,0x588E,"ꏥ㨋癥湥⽴档⽲歲녟戌彳畤浭役摡੤鿪޹江慯敤ﱲ⋲૊攺敶瑮戯⽧歏쪓┄㈰앤솴◪昺杩瑨戯汴獟慴瑲戯彳慦散╟㐰彤摡⹤整顸Ӻ慦散ᨠ国㸄アタックされたパワーと<|同|おな|>じパワーで
ガードした<|場合|ばあい","    م م م م 戯 戯 戯 戯 戯 戯 戯 戯 戯 戯 戯 戯 م م م م م م م م م م م م م م م م م م م م م 戯 戯 戯 戯 戯 م م 戯 م
GUARDED <|CASE|BAI",0.85,file_end,HIGH,COMPLETED,2025-07-30T17:03:14.483939
romfs/script/FEV_G_S_03.rtz,0x5890,"㨋癥湥⽴档⽲歲녟戌彳畤浭役摡੤鿪޹江慯敤ﱲ⋲૊攺敶瑮戯⽧歏쪓┄㈰앤솴◪昺杩瑨戯汴獟慴瑲戯彳慦散╟㐰彤摡⹤整顸Ӻ慦散ᨠ国㸄アタックされたパワーと<|同|おな|>じパワーで
ガードした<|場合|ばあい|","    م م م م 戯 戯 戯 戯 戯 戯 戯 戯 戯 戯 戯 戯 م م م م م م م م م م م م م م م م م م م م م 戯 戯 戯 戯 戯 م م 戯 م
GUARDED <|CASE|BAI|",0.85,file_end,HIGH,COMPLETED,2025-07-30T17:03:15.215148
romfs/script/FEV_G_S_03.rtz,0x5892,"癥湥⽴档⽲歲녟戌彳畤浭役摡੤鿪޹江慯敤ﱲ⋲૊攺敶瑮戯⽧歏쪓┄㈰앤솴◪昺杩瑨戯汴獟慴瑲戯彳慦散╟㐰彤摡⹤整顸Ӻ慦散ᨠ国㸄アタックされたパワーと<|同|おな|>じパワーで
ガードした<|場合|ばあい|>","    م م م م 戯 戯 戯 戯 戯 戯 戯 戯 戯 戯 戯 戯 م م م م م م م م م م م م م م م م م م م م م 戯 戯 戯 戯 戯 م م 戯 م
GUARDED<|場合|ばあい|>",0.85,file_end,HIGH,COMPLETED,2025-07-30T17:03:15.864321
romfs/script/FEV_G_S_03.rtz,0x5898,"档⽲歲녟戌彳畤浭役摡੤鿪޹江慯敤ﱲ⋲૊攺敶瑮戯⽧歏쪓┄㈰앤솴◪昺杩瑨戯汴獟慴瑲戯彳慦散╟㐰彤摡⹤整顸Ӻ慦散ᨠ国㸄アタックされたパワーと<|同|おな|>じパワーで
ガードした<|場合|ばあい|>は<|","  م م م م م م 戯 戯 戯 戯 戯 戯 戯 戯 戯 م م م م م م م م م م م م م م م م 戯 戯 م 戯 戯 م 戯 戯 戯 戯 戯 戯 م م       م م
GUARDED<|場合|ばあい|> < _",0.85,file_end,HIGH,COMPLETED,2025-07-30T17:03:16.662648
romfs/script/FEV_G_S_03.rtz,0x589A,"⽲歲녟戌彳畤浭役摡੤鿪޹江慯敤ﱲ⋲૊攺敶瑮戯⽧歏쪓┄㈰앤솴◪昺杩瑨戯汴獟慴瑲戯彳慦散╟㐰彤摡⹤整顸Ӻ慦散ᨠ国㸄アタックされたパワーと<|同|おな|>じパワーで
ガードした<|場合|ばあい|>は<|失","  م م م م م م 戯 戯 戯 戯 戯 戯 戯 戯 戯 م م م م م م م م م م م م م م م م 戯 戯 م 戯 戯 م 戯 戯 戯 戯 戯 戯 م م       م م
GUARDED<|場合|ばあい|> < _ LOST",0.85,file_end,HIGH,COMPLETED,2025-07-30T17:03:17.445288
romfs/script/FEV_G_S_03.rtz,0x589C,"歲녟戌彳畤浭役摡੤鿪޹江慯敤ﱲ⋲૊攺敶瑮戯⽧歏쪓┄㈰앤솴◪昺杩瑨戯汴獟慴瑲戯彳慦散╟㐰彤摡⹤整顸Ӻ慦散ᨠ国㸄アタックされたパワーと<|同|おな|>じパワーで
ガードした<|場合|ばあい|>は<|失敗","  م م م م م م 戯 戯 戯 戯 戯 戯 戯 戯 戯 م م م م م م م م م م م م م م م م 戯 戯 م 戯 戯 م 戯 戯 戯 戯 戯 戯 م م       م م
GUARDED<|場合|ばあい|> < _ FAILED",0.85,file_end,HIGH,COMPLETED,2025-07-30T17:03:18.240582
romfs/script/FEV_G_S_03.rtz,0x589E,"녟戌彳畤浭役摡੤鿪޹江慯敤ﱲ⋲૊攺敶瑮戯⽧歏쪓┄㈰앤솴◪昺杩瑨戯汴獟慴瑲戯彳慦散╟㐰彤摡⹤整顸Ӻ慦散ᨠ国㸄アタックされたパワーと<|同|おな|>じパワーで
ガードした<|場合|ばあい|>は<|失敗|","  م م م م م م 戯 戯 戯 戯 戯 戯 戯 戯 戯 م م م م م م م م م م م م م م م م 戯 戯 م 戯 戯 م 戯 戯 戯 戯 戯 戯 م م       م م
GUARDED<|場合|ばあい|> < _ FAILED _",0.85,file_end,HIGH,COMPLETED,2025-07-30T17:03:18.964133
romfs/script/FEV_G_S_03.rtz,0x58A0,"戌彳畤浭役摡੤鿪޹江慯敤ﱲ⋲૊攺敶瑮戯⽧歏쪓┄㈰앤솴◪昺杩瑨戯汴獟慴瑲戯彳慦散╟㐰彤摡⹤整顸Ӻ慦散ᨠ国㸄アタックされたパワーと<|同|おな|>じパワーで
ガードした<|場合|ばあい|>は<|失敗|し","  م م م م م م 戯 戯 戯 戯 戯 戯 戯 戯 戯 م م م م م م م م م م م م م م م م 戯 戯 م 戯 戯 م 戯 戯 戯 戯 戯 戯 م م       م م
GUARDED<|場合|ばあい|> < _ FAILED _",0.85,file_end,HIGH,COMPLETED,2025-07-30T17:03:19.664888
romfs/script/FEV_G_S_03.rtz,0x58A2,"彳畤浭役摡੤鿪޹江慯敤ﱲ⋲૊攺敶瑮戯⽧歏쪓┄㈰앤솴◪昺杩瑨戯汴獟慴瑲戯彳慦散╟㐰彤摡⹤整顸Ӻ慦散ᨠ国㸄アタックされたパワーと<|同|おな|>じパワーで
ガードした<|場合|ばあい|>は<|失敗|しっ","  م م م م م م 戯 戯 戯 戯 戯 戯 戯 戯 戯 م م م م م م م م م م م م م م م م 戯 戯 م 戯 戯 م 戯 戯 戯 戯 戯 戯 م م       م م
GUARDED<|場合|ばあい|> < _ FAILED _ しっ",0.85,file_end,HIGH,COMPLETED,2025-07-30T17:03:20.400151
romfs/script/FEV_G_S_03.rtz,0x58A4,"畤浭役摡੤鿪޹江慯敤ﱲ⋲૊攺敶瑮戯⽧歏쪓┄㈰앤솴◪昺杩瑨戯汴獟慴瑲戯彳慦散╟㐰彤摡⹤整顸Ӻ慦散ᨠ国㸄アタックされたパワーと<|同|おな|>じパワーで
ガードした<|場合|ばあい|>は<|失敗|しっぱ","  م م م م م م 戯 戯 戯 戯 戯 戯 戯 戯 戯 م م م م م م م م م م م م م م م م 戯 戯 م 戯 戯 م 戯 戯 戯 戯 戯 戯 م م       م م
GUARDED<|場合|ばあい|> < _ FAILED _ SHIKO",0.85,file_end,HIGH,COMPLETED,2025-07-30T17:03:21.191784
romfs/fe/tuto_007.rtz,0x3B3A,䘰到䴰簰㸀最İ㰰簀䭶籢䈀䐰昰簰㸀欀笰␀㌀㌀㘀㘀　　紀ሀ샿ﰰ렰鈰笰␀紀਀笀␀㌀㌀㘀㘀　　紀㰀簀฀籎䈀弰簰㸀䠀笰␀紀褀谰謰渰Ȱ鼰゚だけど、<|今回|こんかい|>あなたは{$336600}ヴァンガード,"THE MOST RECENT İ  APARTMENT APARTMENTアパート KIم م    紀  ゚, BUT<|今回|こんかい|> YOU{$336600} VANGUARD",0.80,file_end,HIGH,COMPLETED,2025-07-30T17:03:21.511852
romfs/fe/tuto_007.rtz,0x3B3C,到䴰簰㸀最İ㰰簀䭶籢䈀䐰昰簰㸀欀笰␀㌀㌀㘀㘀　　紀ሀ샿ﰰ렰鈰笰␀紀਀笀␀㌀㌀㘀㘀　　紀㰀簀฀籎䈀弰簰㸀䠀笰␀紀褀谰謰渰Ȱ鼰゚だけど、<|今回|こんかい|>あなたは{$336600}ヴァンガード{,"İ  APARTMENTアパート 紀مم 紀 APARTMENT  紀 紀褀谰謰渰Ȱ鼰゚, BUT<|今回|こんかい|>YOU{$336600}VANGUARD{",0.80,file_end,HIGH,COMPLETED,2025-07-30T17:03:21.863044
romfs/fe/tuto_007.rtz,0x3B3E,䴰簰㸀最İ㰰簀䭶籢䈀䐰昰簰㸀欀笰␀㌀㌀㘀㘀　　紀ሀ샿ﰰ렰鈰笰␀紀਀笀␀㌀㌀㘀㘀　　紀㰀簀฀籎䈀弰簰㸀䠀笰␀紀褀谰謰渰Ȱ鼰゚だけど、<|今回|こんかい|>あなたは{$336600}ヴァンガード{$,"İ İ  APARTMENTアパート 紀مم      紀  ゚, BUT<|今回|こんかい|> YOU{$336600} VANGUARD{$",0.80,file_end,HIGH,COMPLETED,2025-07-30T17:03:22.218584
romfs/fe/tuto_007.rtz,0x3B40,簰㸀最İ㰰簀䭶籢䈀䐰昰簰㸀欀笰␀㌀㌀㘀㘀　　紀ሀ샿ﰰ렰鈰笰␀紀਀笀␀㌀㌀㘀㘀　　紀㰀簀฀籎䈀弰簰㸀䠀笰␀紀褀谰謰渰Ȱ鼰゚だけど、<|今回|こんかい|>あなたは{$336600}ヴァンガード{$},"İ İ  APARTMENTアパート 紀مم      紀  ゚, BUT<|今回|こんかい|>YOU{$336600}VANGUARD{$}",0.80,file_end,HIGH,COMPLETED,2025-07-30T17:03:22.579186
romfs/fe/tuto_007.rtz,0x3B42,㸀最İ㰰簀䭶籢䈀䐰昰簰㸀欀笰␀㌀㌀㘀㘀　　紀ሀ샿ﰰ렰鈰笰␀紀਀笀␀㌀㌀㘀㘀　　紀㰀簀฀籎䈀弰簰㸀䠀笰␀紀褀谰謰渰Ȱ鼰゚だけど、<|今回|こんかい|>あなたは{$336600}ヴァンガード{$}で,"İ İアパート APARTMENT APARTMENTアパート KIم م    APARTMENT  紀  ゚, BUT<|今回|こんかい|>YOU{$336600}VANG GUARD{$}",0.80,file_end,HIGH,COMPLETED,2025-07-30T17:03:22.937155
romfs/fe/tuto_007.rtz,0x3B44,最İ㰰簀䭶籢䈀䐰昰簰㸀欀笰␀㌀㌀㘀㘀　　紀ሀ샿ﰰ렰鈰笰␀紀਀笀␀㌀㌀㘀㘀　　紀㰀簀฀籎䈀弰簰㸀䠀笰␀紀褀谰謰渰Ȱ鼰゚だけど、<|今回|こんかい|>あなたは{$336600}ヴァンガード{$}で,"İ  APARTMENTアパート 紀مم 紀 APARTMENT  紀 紀褀谰謰渰Ȱ鼰゚, BUT<|今回|こんかい|>YOU{$336600}VANG GUARD{$}",0.80,file_end,HIGH,COMPLETED,2025-07-30T17:03:24.270323
romfs/fe/tuto_007.rtz,0x3B46,"İ㰰簀䭶籢䈀䐰昰簰㸀欀笰␀㌀㌀㘀㘀　　紀ሀ샿ﰰ렰鈰笰␀紀਀笀␀㌀㌀㘀㘀　　紀㰀簀฀籎䈀弰簰㸀䠀笰␀紀褀谰謰渰Ȱ鼰゚だけど、<|今回|こんかい|>あなたは{$336600}ヴァンガード{$}で
ア","İ  APARTMENT㘀㘀 紀مم 紀 APARTMENT  紀 紀褀谰謰渰Ȱ鼰゚, BUT<|今回|こんかい|>YOU ARE{$336600}VANGUARD{$}
 ア",0.80,file_end,HIGH,COMPLETED,2025-07-30T17:03:24.671509
romfs/fe/tuto_007.rtz,0x3B48,"㰰簀䭶籢䈀䐰昰簰㸀欀笰␀㌀㌀㘀㘀　　紀ሀ샿ﰰ렰鈰笰␀紀਀笀␀㌀㌀㘀㘀　　紀㰀簀฀籎䈀弰簰㸀䠀笰␀紀褀谰謰渰Ȱ鼰゚だけど、<|今回|こんかい|>あなたは{$336600}ヴァンガード{$}で
アタ","  APARTMENT㘀㘀 紀مم 紀 APARTMENT  紀 紀褀谰謰渰Ȱ鼰゚, BUT<|今回|こんかい|>YOU ARE{$336600}VANGUARD{$}
ア",0.80,file_end,HIGH,COMPLETED,2025-07-30T17:03:25.041441
romfs/fe/tuto_007.rtz,0x3B4A,"簀䭶籢䈀䐰昰簰㸀欀笰␀㌀㌀㘀㘀　　紀ሀ샿ﰰ렰鈰笰␀紀਀笀␀㌀㌀㘀㘀　　紀㰀簀฀籎䈀弰簰㸀䠀笰␀紀褀谰謰渰Ȱ鼰゚だけど、<|今回|こんかい|>あなたは{$336600}ヴァンガード{$}で
アタッ","  APARTMENT㘀㘀 紀مم 紀 APARTMENT  紀 紀褀谰謰渰Ȱ鼰゚, BUT<|今回|こんかい|>YOU ARE{$336600}VANGUARD{$}
ア",0.80,file_end,HIGH,COMPLETED,2025-07-30T17:03:25.428261
romfs/fe/tuto_007.rtz,0x3E44,霧꥙㰸簀쨀籎䐀縰簰㸀Ā䈰樰弰渰ꄰ갰ﰰ줰渰터ﰰ漰İਰ㰀簀섀籹輀弰地簰㸀渀ꄰ갰ﰰ줰蠰訰㰰簀一籏爀估簰㸀䐀儰椰İ渰ಔ䲪<|今回|こんかい|>は、{$336600}<|私|わたし|>のヴァンガードを,霧 م م İ  م    İ__<|今回|こんかい|>、__COLOR_0 KANJI_1__,0.80,file_end,HIGH,COMPLETED,2025-07-30T17:03:25.747097
romfs/fe/tuto_007.rtz,0x3E46,꥙㰸簀쨀籎䐀縰簰㸀Ā䈰樰弰渰ꄰ갰ﰰ줰渰터ﰰ漰İਰ㰀簀섀籹輀弰地簰㸀渀ꄰ갰ﰰ줰蠰訰㰰簀一籏爀估簰㸀䐀儰椰İ渰ಔ䲪<|今回|こんかい|>は、{$336600}<|私|わたし|>のヴァンガードを{,"İم م م م م 1İİ <|今回|こんかい|>, __COLOR_0 KANJI_1__",0.80,file_end,HIGH,COMPLETED,2025-07-30T17:03:26.052213
romfs/fe/tuto_007.rtz,0x3E48,㰸簀쨀籎䐀縰簰㸀Ā䈰樰弰渰ꄰ갰ﰰ줰渰터ﰰ漰İਰ㰀簀섀籹輀弰地簰㸀渀ꄰ갰ﰰ줰蠰訰㰰簀一籏爀估簰㸀䐀儰椰İ渰ಔ䲪<|今回|こんかい|>は、{$336600}<|私|わたし|>のヴァンガードを{$,"İم م م  مم 1İ İ <|今回|こんかい|>, __COLOR_0 KANJI_1__ VANGUARD {$",0.80,file_end,HIGH,COMPLETED,2025-07-30T17:03:26.373328
romfs/fe/tuto_007.rtz,0x3E4A,簀쨀籎䐀縰簰㸀Ā䈰樰弰渰ꄰ갰ﰰ줰渰터ﰰ漰İਰ㰀簀섀籹輀弰地簰㸀渀ꄰ갰ﰰ줰蠰訰㰰簀一籏爀估簰㸀䐀儰椰İ渰ಔ䲪<|今回|こんかい|>は、{$336600}<|私|わたし|>のヴァンガードを{$},___COLOR_0 KANJI_1__,0.80,file_end,HIGH,COMPLETED,2025-07-30T17:03:26.633342
romfs/fe/tuto_007.rtz,0x3E4C,쨀籎䐀縰簰㸀Ā䈰樰弰渰ꄰ갰ﰰ줰渰터ﰰ漰İਰ㰀簀섀籹輀弰地簰㸀渀ꄰ갰ﰰ줰蠰訰㰰簀一籏爀估簰㸀䐀儰椰İ渰ಔ䲪<|今回|こんかい|>は、{$336600}<|私|わたし|>のヴァンガードを{$}、,_{$},0.80,file_end,HIGH,COMPLETED,2025-07-30T17:03:26.888089
romfs/fe/tuto_007.rtz,0x3E4E,籎䐀縰簰㸀Ā䈰樰弰渰ꄰ갰ﰰ줰渰터ﰰ漰İਰ㰀簀섀籹輀弰地簰㸀渀ꄰ갰ﰰ줰蠰訰㰰簀一籏爀估簰㸀䐀儰椰İ渰ಔ䲪<|今回|こんかい|>は、{$336600}<|私|わたし|>のヴァンガードを{$}、,_{$},0.80,file_end,HIGH,COMPLETED,2025-07-30T17:03:27.163390
romfs/fe/tuto_007.rtz,0x3E50,"䐀縰簰㸀Ā䈰樰弰渰ꄰ갰ﰰ줰渰터ﰰ漰İਰ㰀簀섀籹輀弰地簰㸀渀ꄰ갰ﰰ줰蠰訰㰰簀一籏爀估簰㸀䐀儰椰İ渰ಔ䲪<|今回|こんかい|>は、{$336600}<|私|わたし|>のヴァンガードを{$}、
{","_{$},
{",0.80,file_end,HIGH,COMPLETED,2025-07-30T17:03:27.450931
romfs/fe/tuto_007.rtz,0x3E52,"縰簰㸀Ā䈰樰弰渰ꄰ갰ﰰ줰渰터ﰰ漰İਰ㰀簀섀籹輀弰地簰㸀渀ꄰ갰ﰰ줰蠰訰㰰簀一籏爀估簰㸀䐀儰椰İ渰ಔ䲪<|今回|こんかい|>は、{$336600}<|私|わたし|>のヴァンガードを{$}、
{$","_{$},
 {",0.80,file_end,HIGH,COMPLETED,2025-07-30T17:03:27.767497
romfs/fe/tuto_007.rtz,0x3E54,"簰㸀Ā䈰樰弰渰ꄰ갰ﰰ줰渰터ﰰ漰İਰ㰀簀섀籹輀弰地簰㸀渀ꄰ갰ﰰ줰蠰訰㰰簀一籏爀估簰㸀䐀儰椰İ渰ಔ䲪<|今回|こんかい|>は、{$336600}<|私|わたし|>のヴァンガードを{$}、
{$3","_{$},
{",0.80,file_end,HIGH,COMPLETED,2025-07-30T17:03:28.054852
romfs/fe/tuto_007.rtz,0x3E56,"㸀Ā䈰樰弰渰ꄰ갰ﰰ줰渰터ﰰ漰İਰ㰀簀섀籹輀弰地簰㸀渀ꄰ갰ﰰ줰蠰訰㰰簀一籏爀估簰㸀䐀儰椰İ渰ಔ䲪<|今回|こんかい|>は、{$336600}<|私|わたし|>のヴァンガードを{$}、
{$33","_{$},
{",0.80,file_end,HIGH,COMPLETED,2025-07-30T17:03:28.375199
romfs/fe/tuto_007.rtz,0x3E58,"Ā䈰樰弰渰ꄰ갰ﰰ줰渰터ﰰ漰İਰ㰀簀섀籹輀弰地簰㸀渀ꄰ갰ﰰ줰蠰訰㰰簀一籏爀估簰㸀䐀儰椰İ渰ಔ䲪<|今回|こんかい|>は、{$336600}<|私|わたし|>のヴァンガードを{$}、
{$336","_{$},
{$336",0.80,file_end,HIGH,COMPLETED,2025-07-30T17:03:28.668458
romfs/fe/tuto_007.rtz,0x3E5A,"䈰樰弰渰ꄰ갰ﰰ줰渰터ﰰ漰İਰ㰀簀섀籹輀弰地簰㸀渀ꄰ갰ﰰ줰蠰訰㰰簀一籏爀估簰㸀䐀儰椰İ渰ಔ䲪<|今回|こんかい|>は、{$336600}<|私|わたし|>のヴァンガードを{$}、
{$3366","_{$},
{$3366",0.80,file_end,HIGH,COMPLETED,2025-07-30T17:03:29.000208
romfs/fe/tuto_007.rtz,0x3E5C,"樰弰渰ꄰ갰ﰰ줰渰터ﰰ漰İਰ㰀簀섀籹輀弰地簰㸀渀ꄰ갰ﰰ줰蠰訰㰰簀一籏爀估簰㸀䐀儰椰İ渰ಔ䲪<|今回|こんかい|>は、{$336600}<|私|わたし|>のヴァンガードを{$}、
{$33660","_{$},
{$33660",0.80,file_end,HIGH,COMPLETED,2025-07-30T17:03:29.290220
romfs/fe/tuto_007.rtz,0x3E5E,"弰渰ꄰ갰ﰰ줰渰터ﰰ漰İਰ㰀簀섀籹輀弰地簰㸀渀ꄰ갰ﰰ줰蠰訰㰰簀一籏爀估簰㸀䐀儰椰İ渰ಔ䲪<|今回|こんかい|>は、{$336600}<|私|わたし|>のヴァンガードを{$}、
{$336600","_{$},
{$336600",0.80,file_end,HIGH,COMPLETED,2025-07-30T17:03:29.592887
romfs/fe/tuto_007.rtz,0x3E60,"渰ꄰ갰ﰰ줰渰터ﰰ漰İਰ㰀簀섀籹輀弰地簰㸀渀ꄰ갰ﰰ줰蠰訰㰰簀一籏爀估簰㸀䐀儰椰İ渰ಔ䲪<|今回|こんかい|>は、{$336600}<|私|わたし|>のヴァンガードを{$}、
{$336600}","_{$},
COLOR_2__",0.80,file_end,HIGH,COMPLETED,2025-07-30T17:03:29.885621
romfs/fe/tuto_007.rtz,0x3E62,"ꄰ갰ﰰ줰渰터ﰰ漰İਰ㰀簀섀籹輀弰地簰㸀渀ꄰ갰ﰰ줰蠰訰㰰簀一籏爀估簰㸀䐀儰椰İ渰ಔ䲪<|今回|こんかい|>は、{$336600}<|私|わたし|>のヴァンガードを{$}、
{$336600}Ａ","_{$},
{$336600}A",0.80,file_end,HIGH,COMPLETED,2025-07-30T17:03:30.207546
romfs/fe/tuto_007.rtz,0x3E64,"ꄰ갰ﰰ줰渰터ﰰ漰İਰ㰀簀섀籹輀弰地簰㸀渀ꄰ갰ﰰ줰蠰訰㰰簀一籏爀估簰㸀䐀儰椰İ渰ಔ䲪<|今回|こんかい|>は、{$336600}<|私|わたし|>のヴァンガードを{$}、
{$336600}Ａボ","_{$},
{$336600}A",0.80,file_end,HIGH,COMPLETED,2025-07-30T17:03:30.543833
romfs/fe/tuto_007.rtz,0x4C02,"톐㱀簀쨀籖匀錰䬰䐰簰㸀漀İ䈰樰弰渰笰␀㌀㌀㘀㘀　　紀ꄰ갰ﰰ줰欰笰␀紀਀笀␀㌀㌀㘀㘀　　紀꼀옰ꌰꬰ鈰ରᇿ篿␀紀圀昰缰昰洰Ȱ䌰델Ỷ<|私|わたし|>はノーガード。
アタックがヒットするわよ。쾺","İİ  Apartment㘀㘀 紀مم 紀  APARTMENT  紀 <|私|わたし|> is no Guard.
The Attack hit.  ",0.80,file_end,HIGH,COMPLETED,2025-07-30T17:03:30.858307
romfs/fe/tuto_007.rtz,0x4C04,"㱀簀쨀籖匀錰䬰䐰簰㸀漀İ䈰樰弰渰笰␀㌀㌀㘀㘀　　紀ꄰ갰ﰰ줰欰笰␀紀਀笀␀㌀㌀㘀㘀　　紀꼀옰ꌰꬰ鈰ରᇿ篿␀紀圀昰缰昰洰Ȱ䌰델Ỷ<|私|わたし|>はノーガード。
アタックがヒットするわよ。쾺杖","İİ  Apartment㘀㘀 紀مم 紀  APARTMENT  紀 <|私|わたし|> is no Guard.
The Attack hit. Cane",0.80,file_end,HIGH,COMPLETED,2025-07-30T17:03:31.169956
romfs/fe/tuto_007.rtz,0x4C06,"㱀簀쨀籖匀錰䬰䐰簰㸀漀İ䈰樰弰渰笰␀㌀㌀㘀㘀　　紀ꄰ갰ﰰ줰欰笰␀紀਀笀␀㌀㌀㘀㘀　　紀꼀옰ꌰꬰ鈰ରᇿ篿␀紀圀昰缰昰洰Ȱ䌰델Ỷ<|私|わたし|>はノーガード。
アタックがヒットするわよ。쾺杖㰦","İİ  Apartment㘀㘀 紀مم 紀  APARTMENT  紀 <|私|わたし|> is no Guard.
The Attack hit. Cane ",0.80,file_end,HIGH,COMPLETED,2025-07-30T17:03:31.481627
romfs/fe/tuto_007.rtz,0x4C08,"簀쨀籖匀錰䬰䐰簰㸀漀İ䈰樰弰渰笰␀㌀㌀㘀㘀　　紀ꄰ갰ﰰ줰欰笰␀紀਀笀␀㌀㌀㘀㘀　　紀꼀옰ꌰꬰ鈰ରᇿ篿␀紀圀昰缰昰洰Ȱ䌰델Ỷ<|私|わたし|>はノーガード。
アタックがヒットするわよ。쾺杖㰦簀","İİ  Apartment㘀㘀 紀مم 紀  APARTMENT  紀 <|私|わたし|> is no Guard.
The Attack hit. Cane ",0.80,file_end,HIGH,COMPLETED,2025-07-30T17:03:31.824199
romfs/fe/tuto_007.rtz,0x4C0A,"쨀籖匀錰䬰䐰簰㸀漀İ䈰樰弰渰笰␀㌀㌀㘀㘀　　紀ꄰ갰ﰰ줰欰笰␀紀਀笀␀㌀㌀㘀㘀　　紀꼀옰ꌰꬰ鈰ରᇿ篿␀紀圀昰缰昰洰Ȱ䌰델Ỷ<|私|わたし|>はノーガード。
アタックがヒットするわよ。쾺杖㰦簀쨀","İİ  Apartment㘀㘀 紀مم 紀  APARTMENT  紀 <|私|わたし|> is no Guard.
The Attack hit. Cane ",0.80,file_end,HIGH,COMPLETED,2025-07-30T17:03:32.182683
romfs/fe/tuto_007.rtz,0x4C0C,"籖匀錰䬰䐰簰㸀漀İ䈰樰弰渰笰␀㌀㌀㘀㘀　　紀ꄰ갰ﰰ줰欰笰␀紀਀笀␀㌀㌀㘀㘀　　紀꼀옰ꌰꬰ鈰ରᇿ篿␀紀圀昰缰昰洰Ȱ䌰델Ỷ<|私|わたし|>はノーガード。
アタックがヒットするわよ。쾺杖㰦簀쨀","İİ  Apartment㘀㘀 紀مم 紀  APARTMENT  紀 <|私|わたし|> is no Guard.
The Attack hit. Cane ",0.80,file_end,HIGH,COMPLETED,2025-07-30T17:03:32.428518
romfs/fe/tuto_007.rtz,0x4C0E,"籖匀錰䬰䐰簰㸀漀İ䈰樰弰渰笰␀㌀㌀㘀㘀　　紀ꄰ갰ﰰ줰欰笰␀紀਀笀␀㌀㌀㘀㘀　　紀꼀옰ꌰꬰ鈰ରᇿ篿␀紀圀昰缰昰洰Ȱ䌰델Ỷ<|私|わたし|>はノーガード。
アタックがヒットするわよ。쾺杖㰦簀쨀籖","İİ  Apartment㘀㘀 紀مم 紀  APARTMENT  紀 <|私|わたし|> is no Guard.
The Attack hit. Cane ",0.80,file_end,HIGH,COMPLETED,2025-07-30T17:03:32.603711
romfs/fe/tuto_007.rtz,0x4C10,"匀錰䬰䐰簰㸀漀İ䈰樰弰渰笰␀㌀㌀㘀㘀　　紀ꄰ갰ﰰ줰欰笰␀紀਀笀␀㌀㌀㘀㘀　　紀꼀옰ꌰꬰ鈰ରᇿ篿␀紀圀昰缰昰洰Ȱ䌰델Ỷ<|私|わたし|>はノーガード。
アタックがヒットするわよ。쾺杖㰦簀쨀籖匀","İİ  Apartment㘀㘀 紀مم 紀  APARTMENT  紀 <|私|わたし|> is no Guard.
The Attack hit. Cane ",0.80,file_end,HIGH,COMPLETED,2025-07-30T17:03:32.921494
romfs/fe/tuto_007.rtz,0x4C12,"錰䬰䐰簰㸀漀İ䈰樰弰渰笰␀㌀㌀㘀㘀　　紀ꄰ갰ﰰ줰欰笰␀紀਀笀␀㌀㌀㘀㘀　　紀꼀옰ꌰꬰ鈰ରᇿ篿␀紀圀昰缰昰洰Ȱ䌰델Ỷ<|私|わたし|>はノーガード。
アタックがヒットするわよ。쾺杖㰦簀쨀籖匀錰","İİ  Apartment㘀㘀 紀مم 紀  APARTMENT  紀 <|私|わたし|> is no Guard.
The Attack hit. Cane ",0.80,file_end,HIGH,COMPLETED,2025-07-30T17:03:33.417539
romfs/fe/tuto_007.rtz,0x4C14,"䬰䐰簰㸀漀İ䈰樰弰渰笰␀㌀㌀㘀㘀　　紀ꄰ갰ﰰ줰欰笰␀紀਀笀␀㌀㌀㘀㘀　　紀꼀옰ꌰꬰ鈰ରᇿ篿␀紀圀昰缰昰洰Ȱ䌰델Ỷ<|私|わたし|>はノーガード。
アタックがヒットするわよ。쾺杖㰦簀쨀籖匀錰䬰","İİ  Apartment㘀㘀 紀مم 紀  APARTMENT  紀 <|私|わたし|> is no Guard.
The Attack hit. Cane ",0.80,file_end,HIGH,COMPLETED,2025-07-30T17:03:33.818651
romfs/fe/tuto_007.rtz,0x4C16,"䐰簰㸀漀İ䈰樰弰渰笰␀㌀㌀㘀㘀　　紀ꄰ갰ﰰ줰欰笰␀紀਀笀␀㌀㌀㘀㘀　　紀꼀옰ꌰꬰ鈰ରᇿ篿␀紀圀昰缰昰洰Ȱ䌰델Ỷ<|私|わたし|>はノーガード。
アタックがヒットするわよ。쾺杖㰦簀쨀籖匀錰䬰䐰","İİ  Apartment㘀㘀 紀مم 紀  APARTMENT  紀 <|私|わたし|> is no Guard.
The Attack hit. Cane ",0.80,file_end,HIGH,COMPLETED,2025-07-30T17:03:34.140135
romfs/fe/tuto_007.rtz,0x4C18,"簰㸀漀İ䈰樰弰渰笰␀㌀㌀㘀㘀　　紀ꄰ갰ﰰ줰欰笰␀紀਀笀␀㌀㌀㘀㘀　　紀꼀옰ꌰꬰ鈰ରᇿ篿␀紀圀昰缰昰洰Ȱ䌰델Ỷ<|私|わたし|>はノーガード。
アタックがヒットするわよ。쾺杖㰦簀쨀籖匀錰䬰䐰簰","İİ  Apartment㘀㘀 紀مم 紀  APARTMENT  紀 <|私|わたし|> is no Guard.
The Attack hit. Cane ",0.80,file_end,HIGH,COMPLETED,2025-07-30T17:03:34.517682
romfs/fe/tuto_007.rtz,0x4C1A,"㸀漀İ䈰樰弰渰笰␀㌀㌀㘀㘀　　紀ꄰ갰ﰰ줰欰笰␀紀਀笀␀㌀㌀㘀㘀　　紀꼀옰ꌰꬰ鈰ରᇿ篿␀紀圀昰缰昰洰Ȱ䌰델Ỷ<|私|わたし|>はノーガード。
アタックがヒットするわよ。쾺杖㰦簀쨀籖匀錰䬰䐰簰㸀","İİ  Apartment㘀㘀 紀مم 紀  APARTMENT  紀 <|私|わたし|> is no Guard.
The Attack hit. Cane ",0.80,file_end,HIGH,COMPLETED,2025-07-30T17:03:34.974897
romfs/fe/tuto_007.rtz,0x4C1C,"漀İ䈰樰弰渰笰␀㌀㌀㘀㘀　　紀ꄰ갰ﰰ줰欰笰␀紀਀笀␀㌀㌀㘀㘀　　紀꼀옰ꌰꬰ鈰ରᇿ篿␀紀圀昰缰昰洰Ȱ䌰델Ỷ<|私|わたし|>はノーガード。
アタックがヒットするわよ。쾺杖㰦簀쨀籖匀錰䬰䐰簰㸀漀","İİ  Apartment㘀㘀 紀مم 紀  APARTMENT  紀 <|私|わたし|> is no Guard.
The Attack hit. Cane ",0.80,file_end,HIGH,COMPLETED,2025-07-30T17:03:35.421014
romfs/fe/tuto_007.rtz,0x4C1E,"İ䈰樰弰渰笰␀㌀㌀㘀㘀　　紀ꄰ갰ﰰ줰欰笰␀紀਀笀␀㌀㌀㘀㘀　　紀꼀옰ꌰꬰ鈰ରᇿ篿␀紀圀昰缰昰洰Ȱ䌰델Ỷ<|私|わたし|>はノーガード。
アタックがヒットするわよ。쾺杖㰦簀쨀籖匀錰䬰䐰簰㸀漀줰","İ  Apartment  紀مم 紀  APARTMENT  紀 <|私|わたし|> is no Guard.
The Attack hit. Cane ",0.80,file_end,HIGH,COMPLETED,2025-07-30T17:03:35.879925
romfs/fe/tuto_007.rtz,0x4C20,"䈰樰弰渰笰␀㌀㌀㘀㘀　　紀ꄰ갰ﰰ줰欰笰␀紀਀笀␀㌀㌀㘀㘀　　紀꼀옰ꌰꬰ鈰ରᇿ篿␀紀圀昰缰昰洰Ȱ䌰델Ỷ<|私|わたし|>はノーガード。
アタックがヒットするわよ。쾺杖㰦簀쨀籖匀錰䬰䐰簰㸀漀줰","  Apartment㘀㘀 紀مم 紀  APARTMENT  紀 <|私|わたし|> is no Guard.
The Attack hit. Cane ",0.80,file_end,HIGH,COMPLETED,2025-07-30T17:03:36.238061
romfs/fe/tuto_007.rtz,0x4C22,"樰弰渰笰␀㌀㌀㘀㘀　　紀ꄰ갰ﰰ줰欰笰␀紀਀笀␀㌀㌀㘀㘀　　紀꼀옰ꌰꬰ鈰ରᇿ篿␀紀圀昰缰昰洰Ȱ䌰델Ỷ<|私|わたし|>はノーガード。
アタックがヒットするわよ。쾺杖㰦簀쨀籖匀錰䬰䐰簰㸀漀줰ꐰ","  Apartment㘀㘀 紀مم 紀  APARTMENT  紀 <|私|わたし|> is no Guard.
The Attack hit. Cane ",0.80,file_end,HIGH,COMPLETED,2025-07-30T17:03:36.587184
romfs/fe/tuto_007.rtz,0x4C24,"弰渰笰␀㌀㌀㘀㘀　　紀ꄰ갰ﰰ줰欰笰␀紀਀笀␀㌀㌀㘀㘀　　紀꼀옰ꌰꬰ鈰ରᇿ篿␀紀圀昰缰昰洰Ȱ䌰델Ỷ<|私|わたし|>はノーガード。
アタックがヒットするわよ。쾺杖㰦簀쨀籖匀錰䬰䐰簰㸀漀줰ꐰ혰","  Apartment㘀㘀 紀مم 紀  APARTMENT  紀 <|私|わたし|> is no Guard.
The Attack hit. Cane ",0.80,file_end,HIGH,COMPLETED,2025-07-30T17:03:36.913003
romfs/fe/tuto_007.rtz,0x4C26,"渰笰␀㌀㌀㘀㘀　　紀ꄰ갰ﰰ줰欰笰␀紀਀笀␀㌀㌀㘀㘀　　紀꼀옰ꌰꬰ鈰ରᇿ篿␀紀圀昰缰昰洰Ȱ䌰델Ỷ<|私|わたし|>はノーガード。
アタックがヒットするわよ。쾺杖㰦簀쨀籖匀錰䬰䐰簰㸀漀줰ꐰ혰섰","  Apartment㘀㘀 紀مم 紀  APARTMENT  紀 <|私|わたし|> is no Guard.
The Attack hit. Cane ",0.80,file_end,HIGH,COMPLETED,2025-07-30T17:03:37.229645
romfs/fe/tuto_007.rtz,0x4C28,"笰␀㌀㌀㘀㘀　　紀ꄰ갰ﰰ줰欰笰␀紀਀笀␀㌀㌀㘀㘀　　紀꼀옰ꌰꬰ鈰ରᇿ篿␀紀圀昰缰昰洰Ȱ䌰델Ỷ<|私|わたし|>はノーガード。
アタックがヒットするわよ。쾺杖㰦簀쨀籖匀錰䬰䐰簰㸀漀줰ꐰ혰섰ꜰ","  Apartment㘀㘀 紀مم 紀  APARTMENT  紀 <|私|わたし|> is no Guard.
The Attack hit. Cane ",0.80,file_end,HIGH,COMPLETED,2025-07-30T17:03:37.564254
romfs/fe/tuto_007.rtz,0x4C2A,"␀㌀㌀㘀㘀　　紀ꄰ갰ﰰ줰欰笰␀紀਀笀␀㌀㌀㘀㘀　　紀꼀옰ꌰꬰ鈰ରᇿ篿␀紀圀昰缰昰洰Ȱ䌰델Ỷ<|私|わたし|>はノーガード。
アタックがヒットするわよ。쾺杖㰦簀쨀籖匀錰䬰䐰簰㸀漀줰ꐰ혰섰ꜰ쌰","  Apartment㘀㘀 紀مم 紀  APARTMENT  紀 <|私|わたし|> is no Guard.
The Attack hit. Cane ",0.80,file_end,HIGH,COMPLETED,2025-07-30T17:03:38.077353
romfs/fe/tuto_007.rtz,0x4C2C,"㌀㌀㘀㘀　　紀ꄰ갰ﰰ줰欰笰␀紀਀笀␀㌀㌀㘀㘀　　紀꼀옰ꌰꬰ鈰ରᇿ篿␀紀圀昰缰昰洰Ȱ䌰델Ỷ<|私|わたし|>はノーガード。
アタックがヒットするわよ。쾺杖㰦簀쨀籖匀錰䬰䐰簰㸀漀줰ꐰ혰섰ꜰ쌰꼰","Apartment Apartment  紀 م 紀  APARTMENT  紀 <|私|わたし|> is no Guard.
The Attack hit. Cane ",0.80,file_end,HIGH,COMPLETED,2025-07-30T17:03:38.416503
romfs/fe/tuto_007.rtz,0x4C2E,"㌀㘀㘀　　紀ꄰ갰ﰰ줰欰笰␀紀਀笀␀㌀㌀㘀㘀　　紀꼀옰ꌰꬰ鈰ରᇿ篿␀紀圀昰缰昰洰Ȱ䌰델Ỷ<|私|わたし|>はノーガード。
アタックがヒットするわよ。쾺杖㰦簀쨀籖匀錰䬰䐰簰㸀漀줰ꐰ혰섰ꜰ쌰꼰朰","Apartment  紀 م 紀 apartment  紀 <|私|わたし|> is no Guard.
The Attack hit. Cane ",0.80,file_end,HIGH,COMPLETED,2025-07-30T17:03:38.730116
romfs/fe/tuto_007.rtz,0x4C30,"㘀㘀　　紀ꄰ갰ﰰ줰欰笰␀紀਀笀␀㌀㌀㘀㘀　　紀꼀옰ꌰꬰ鈰ରᇿ篿␀紀圀昰缰昰洰Ȱ䌰델Ỷ<|私|わたし|>はノーガード。
アタックがヒットするわよ。쾺杖㰦簀쨀籖匀錰䬰䐰簰㸀漀줰ꐰ혰섰ꜰ쌰꼰朰ਰ","  紀 م 紀 apartment  紀 <|私|わたし|> is no Guard.
The Attack hit. Cane ",0.80,file_end,HIGH,COMPLETED,2025-07-30T17:03:39.054259
romfs/fe/tuto_007.rtz,0x4C52,"␀㌀㌀㘀㘀　　紀꼀옰ꌰꬰ鈰ରᇿ篿␀紀圀昰缰昰洰Ȱ䌰델Ỷ<|私|わたし|>はノーガード。
アタック","Copyright © KANJI All Rights Reserved.
ア",0.80,file_end,HIGH,COMPLETED,2025-07-30T17:03:39.298951
romfs/fe/tuto_007.rtz,0x4C54,"㌀㌀㘀㘀　　紀꼀옰ꌰꬰ鈰ରᇿ篿␀紀圀昰缰昰洰Ȱ䌰델Ỷ<|私|わたし|>はノーガード。
アタックが","Apartment  紀 <|私|わたし|> is no Guard.
が",0.80,file_end,HIGH,COMPLETED,2025-07-30T17:03:39.557630
romfs/fe/tuto_007.rtz,0x4C56,"㌀㘀㘀　　紀꼀옰ꌰꬰ鈰ରᇿ篿␀紀圀昰缰昰洰Ȱ䌰델Ỷ<|私|わたし|>はノーガード。
アタックがヒ","Apartment  紀 <|私|わたし|> is no Guard.
タ",0.80,file_end,HIGH,COMPLETED,2025-07-30T17:03:39.821331
romfs/fe/tuto_007.rtz,0x4C58,"㘀㘀　　紀꼀옰ꌰꬰ鈰ରᇿ篿␀紀圀昰缰昰洰Ȱ䌰델Ỷ<|私|わたし|>はノーガード。
アタックがヒッ","  紀 <|私|わたし|> is no Guard.
Attack Hick",0.80,file_end,HIGH,COMPLETED,2025-07-30T17:03:40.091383
romfs/fe/tuto_007.rtz,0x4CA2,"ーガード。
アタック","- Guard.
ア",0.80,file_end,HIGH,COMPLETED,2025-07-30T17:03:40.295547
romfs/fe/tuto_007.rtz,0x4CA4,"ガード。
アタックが","Guard.
が",0.80,file_end,HIGH,COMPLETED,2025-07-30T17:03:41.387335
romfs/fe/tuto_013.rtz,0x2C91,飫㾷㰳簀픀籐簀估簰㸀渀뼰ﰰ䰰㰰簀䈀虽籎圀蔰䘰訰蜰䘰簰㸀圀弰䬰褰ਰ㰀簀樀᭔籾쌰꼰簰㸀唀谰昰䐰弰쬰쌰젰䰰ူ♇{$336600}<|右側|みぎがわ|>のリアガードでアタック{$}してね。䋣䭧㰗簀℀籫, م __COLOR_0 KANJI_0__  A,0.80,file_end,HIGH,COMPLETED,2025-07-30T17:03:41.654388
romfs/fe/tuto_013.rtz,0x2C93,㾷㰳簀픀籐簀估簰㸀渀뼰ﰰ䰰㰰簀䈀虽籎圀蔰䘰訰蜰䘰簰㸀圀弰䬰褰ਰ㰀簀樀᭔籾쌰꼰簰㸀唀谰昰䐰弰쬰쌰젰䰰ူ♇{$336600}<|右側|みぎがわ|>のリアガードでアタック{$}してね。䋣䭧㰗簀℀籫搀, م __COLOR_0 KANJI_0__  A,0.80,file_end,HIGH,COMPLETED,2025-07-30T17:03:41.950228
romfs/fe/tuto_013.rtz,0x2C95,㰳簀픀籐簀估簰㸀渀뼰ﰰ䰰㰰簀䈀虽籎圀蔰䘰訰蜰䘰簰㸀圀弰䬰褰ਰ㰀簀樀᭔籾쌰꼰簰㸀唀谰昰䐰弰쬰쌰젰䰰ူ♇{$336600}<|右側|みぎがわ|>のリアガードでアタック{$}してね。䋣䭧㰗簀℀籫搀丰, م __COLOR_0 KANJI_0__  A,0.80,file_end,HIGH,COMPLETED,2025-07-30T17:03:42.222161
romfs/fe/tuto_013.rtz,0x2C97,簀픀籐簀估簰㸀渀뼰ﰰ䰰㰰簀䈀虽籎圀蔰䘰訰蜰䘰簰㸀圀弰䬰褰ਰ㰀簀樀᭔籾쌰꼰簰㸀唀谰昰䐰弰쬰쌰젰䰰ူ♇{$336600}<|右側|みぎがわ|>のリアガードでアタック{$}してね。䋣䭧㰗簀℀籫搀丰簰, م __COLOR_0 KANJI_0__  A,0.80,file_end,HIGH,COMPLETED,2025-07-30T17:03:42.487499
romfs/fe/tuto_013.rtz,0x2C99,픀籐簀估簰㸀渀뼰ﰰ䰰㰰簀䈀虽籎圀蔰䘰訰蜰䘰簰㸀圀弰䬰褰ਰ㰀簀樀᭔籾쌰꼰簰㸀唀谰昰䐰弰쬰쌰젰䰰ူ♇{$336600}<|右側|みぎがわ|>のリアガードでアタック{$}してね。䋣䭧㰗簀℀籫搀丰簰㸀, م __COLOR_0 KANJI_0__  A,0.80,file_end,HIGH,COMPLETED,2025-07-30T17:03:42.743198
romfs/fe/tuto_013.rtz,0x2C9B,籐簀估簰㸀渀뼰ﰰ䰰㰰簀䈀虽籎圀蔰䘰訰蜰䘰簰㸀圀弰䬰褰ਰ㰀簀樀᭔籾쌰꼰簰㸀唀谰昰䐰弰쬰쌰젰䰰ူ♇{$336600}<|右側|みぎがわ|>のリアガードでアタック{$}してね。䋣䭧㰗簀℀籫搀丰簰㸀漀, م __COLOR_0 KANJI_0__  A,0.80,file_end,HIGH,COMPLETED,2025-07-30T17:03:43.006372
romfs/fe/tuto_013.rtz,0x2C9D,簀估簰㸀渀뼰ﰰ䰰㰰簀䈀虽籎圀蔰䘰訰蜰䘰簰㸀圀弰䬰褰ਰ㰀簀樀᭔籾쌰꼰簰㸀唀谰昰䐰弰쬰쌰젰䰰ူ♇{$336600}<|右側|みぎがわ|>のリアガードでアタック{$}してね。䋣䭧㰗簀℀籫搀丰簰㸀漀, م __COLOR_0 KANJI_0__  A,0.80,file_end,HIGH,COMPLETED,2025-07-30T17:03:43.337925
romfs/fe/tuto_013.rtz,0x2C9F,估簰㸀渀뼰ﰰ䰰㰰簀䈀虽籎圀蔰䘰訰蜰䘰簰㸀圀弰䬰褰ਰ㰀簀樀᭔籾쌰꼰簰㸀唀谰昰䐰弰쬰쌰젰䰰ူ♇{$336600}<|右側|みぎがわ|>のリアガードでアタック{$}してね。䋣䭧㰗簀℀籫搀丰簰㸀漀ꈰ, م __COLOR_0 KANJI_0__  A,0.80,file_end,HIGH,COMPLETED,2025-07-30T17:03:43.591886
romfs/fe/tuto_013.rtz,0x2CA1,簰㸀渀뼰ﰰ䰰㰰簀䈀虽籎圀蔰䘰訰蜰䘰簰㸀圀弰䬰褰ਰ㰀簀樀᭔籾쌰꼰簰㸀唀谰昰䐰弰쬰쌰젰䰰ူ♇{$336600}<|右側|みぎがわ|>のリアガードでアタック{$}してね。䋣䭧㰗簀℀籫搀丰簰㸀漀ꈰ갰, م __COLOR_0 KANJI_0__  A,0.80,file_end,HIGH,COMPLETED,2025-07-30T17:03:43.846743
romfs/fe/tuto_013.rtz,0x2CA3,㸀渀뼰ﰰ䰰㰰簀䈀虽籎圀蔰䘰訰蜰䘰簰㸀圀弰䬰褰ਰ㰀簀樀᭔籾쌰꼰簰㸀唀谰昰䐰弰쬰쌰젰䰰ူ♇{$336600}<|右側|みぎがわ|>のリアガードでアタック{$}してね。䋣䭧㰗簀℀籫搀丰簰㸀漀ꈰ갰ﰰ, م __COLOR_0 KANJI_0__  A,0.80,file_end,HIGH,COMPLETED,2025-07-30T17:03:44.110028
romfs/fe/tuto_013.rtz,0x2CA5,渀뼰ﰰ䰰㰰簀䈀虽籎圀蔰䘰訰蜰䘰簰㸀圀弰䬰褰ਰ㰀簀樀᭔籾쌰꼰簰㸀唀谰昰䐰弰쬰쌰젰䰰ူ♇{$336600}<|右側|みぎがわ|>のリアガードでアタック{$}してね。䋣䭧㰗簀℀籫搀丰簰㸀漀ꈰ갰ﰰ줰, م __COLOR_0 KANJI_0__  A,0.80,file_end,HIGH,COMPLETED,2025-07-30T17:03:44.371761
romfs/fe/tuto_013.rtz,0x2CA7,뼰ﰰ䰰㰰簀䈀虽籎圀蔰䘰訰蜰䘰簰㸀圀弰䬰褰ਰ㰀簀樀᭔籾쌰꼰簰㸀唀谰昰䐰弰쬰쌰젰䰰ူ♇{$336600}<|右側|みぎがわ|>のリアガードでアタック{$}してね。䋣䭧㰗簀℀籫搀丰簰㸀漀ꈰ갰ﰰ줰朰, م __COLOR_0 KANJI_0__  A,0.80,file_end,HIGH,COMPLETED,2025-07-30T17:03:44.633037
romfs/fe/tuto_013.rtz,0x2CA9,ﰰ䰰㰰簀䈀虽籎圀蔰䘰訰蜰䘰簰㸀圀弰䬰褰ਰ㰀簀樀᭔籾쌰꼰簰㸀唀谰昰䐰弰쬰쌰젰䰰ူ♇{$336600}<|右側|みぎがわ|>のリアガードでアタック{$}してね。䋣䭧㰗簀℀籫搀丰簰㸀漀ꈰ갰ﰰ줰朰ꈰ,مم __COLOR_0 KANJI_0__  A,0.80,file_end,HIGH,COMPLETED,2025-07-30T17:03:44.905595
romfs/fe/tuto_013.rtz,0x2CAB,䰰㰰簀䈀虽籎圀蔰䘰訰蜰䘰簰㸀圀弰䬰褰ਰ㰀簀樀᭔籾쌰꼰簰㸀唀谰昰䐰弰쬰쌰젰䰰ူ♇{$336600}<|右側|みぎがわ|>のリアガードでアタック{$}してね。䋣䭧㰗簀℀籫搀丰簰㸀漀ꈰ갰ﰰ줰朰ꈰ뼰, __COLOR_0リアKANJI_0__  A,0.80,file_end,HIGH,COMPLETED,2025-07-30T17:03:45.149450
romfs/fe/tuto_013.rtz,0x2CAD,䰰㰰簀䈀虽籎圀蔰䘰訰蜰䘰簰㸀圀弰䬰褰ਰ㰀簀樀᭔籾쌰꼰簰㸀唀谰昰䐰弰쬰쌰젰䰰ူ♇{$336600}<|右側|みぎがわ|>のリアガードでアタック{$}してね。䋣䭧㰗簀℀籫搀丰簰㸀漀ꈰ갰ﰰ줰朰ꈰ뼰쌰, __COLOR_0リアKANJI_0__  A,0.80,file_end,HIGH,COMPLETED,2025-07-30T17:03:45.400905
romfs/fe/tuto_013.rtz,0x2CAF,㰰簀䈀虽籎圀蔰䘰訰蜰䘰簰㸀圀弰䬰褰ਰ㰀簀樀᭔籾쌰꼰簰㸀唀谰昰䐰弰쬰쌰젰䰰ူ♇{$336600}<|右側|みぎがわ|>のリアガードでアタック{$}してね。䋣䭧㰗簀℀籫搀丰簰㸀漀ꈰ갰ﰰ줰朰ꈰ뼰쌰꼰, __COLOR_0リアKANJI_0__  A,0.80,file_end,HIGH,COMPLETED,2025-07-30T17:03:45.647650
romfs/fe/tuto_013.rtz,0x2CB1,簀䈀虽籎圀蔰䘰訰蜰䘰簰㸀圀弰䬰褰ਰ㰀簀樀᭔籾쌰꼰簰㸀唀谰昰䐰弰쬰쌰젰䰰ူ♇{$336600}<|右側|みぎがわ|>のリアガードでアタック{$}してね。䋣䭧㰗簀℀籫搀丰簰㸀漀ꈰ갰ﰰ줰朰ꈰ뼰쌰꼰夰, __COLOR_0リアKANJI_0__  A,0.80,file_end,HIGH,COMPLETED,2025-07-30T17:03:45.908415
romfs/fe/tuto_013.rtz,0x2CB3,䈀虽籎圀蔰䘰訰蜰䘰簰㸀圀弰䬰褰ਰ㰀簀樀᭔籾쌰꼰簰㸀唀谰昰䐰弰쬰쌰젰䰰ူ♇{$336600}<|右側|みぎがわ|>のリアガードでアタック{$}してね。䋣䭧㰗簀℀籫搀丰簰㸀漀ꈰ갰ﰰ줰朰ꈰ뼰쌰꼰夰謰, __COLOR_0リアKANJI_0__  A,0.80,file_end,HIGH,COMPLETED,2025-07-30T17:03:46.152007
romfs/fe/tuto_013.rtz,0x2CB5,虽籎圀蔰䘰訰蜰䘰簰㸀圀弰䬰褰ਰ㰀簀樀᭔籾쌰꼰簰㸀唀谰昰䐰弰쬰쌰젰䰰ူ♇{$336600}<|右側|みぎがわ|>のリアガードでアタック{$}してね。䋣䭧㰗簀℀籫搀丰簰㸀漀ꈰ갰ﰰ줰朰ꈰ뼰쌰꼰夰謰蠰, __COLOR_0リアKANJI_0__  A,0.80,file_end,HIGH,COMPLETED,2025-07-30T17:03:46.410228
romfs/fe/tuto_013.rtz,0x2CB7,籎圀蔰䘰訰蜰䘰簰㸀圀弰䬰褰ਰ㰀簀樀᭔籾쌰꼰簰㸀唀谰昰䐰弰쬰쌰젰䰰ူ♇{$336600}<|右側|みぎがわ|>のリアガードでアタック{$}してね。䋣䭧㰗簀℀籫搀丰簰㸀漀ꈰ갰ﰰ줰朰ꈰ뼰쌰꼰夰謰蠰Ȱ, __COLOR_0リアKANJI_0__  A,0.80,file_end,HIGH,COMPLETED,2025-07-30T17:03:46.685309
romfs/fe/tuto_013.rtz,0x2CB9,圀蔰䘰訰蜰䘰簰㸀圀弰䬰褰ਰ㰀簀樀᭔籾쌰꼰簰㸀唀谰昰䐰弰쬰쌰젰䰰ူ♇{$336600}<|右側|みぎがわ|>のリアガードでアタック{$}してね。䋣䭧㰗簀℀籫搀丰簰㸀漀ꈰ갰ﰰ줰朰ꈰ뼰쌰꼰夰謰蠰Ȱ估, __COLOR_0リアKANJI_0__  A,0.80,file_end,HIGH,COMPLETED,2025-07-30T17:03:46.955069
romfs/fe/tuto_012.rtz,0x2BF7,>のヴァンガードは、,> VanGuard,0.80,file_end,HIGH,COMPLETED,2025-07-30T17:03:47.124601
romfs/fe/tuto_012.rtz,0x2BF9,のヴァンガードは、,The VanGuard,0.80,file_end,HIGH,COMPLETED,2025-07-30T17:03:47.294574
romfs/fe/tuto_012.rtz,0x2BFB,"ヴァンガードは、
{","VanGuard
{",0.80,file_end,HIGH,COMPLETED,2025-07-30T17:03:47.485490
romfs/fe/tuto_012.rtz,0x2D67,…쀍覞符␀㌀㌀㘀㘀　　紀준쌰휰븰ﰰ笰␀紀欀㰰簀Ā粐䨀估簰㸀褀樰䐰栰䐰儰樰䐰渰Ȱ뜰㐄續{$336600}お<|互|たが|>いのヴァンガードがグレード３<|以上|いじょう|>{$}の<|時|とき|>、,KANJI_1KANCOLOR_1__,0.80,file_end,HIGH,COMPLETED,2025-07-30T17:03:47.752306
romfs/fe/tuto_012.rtz,0x2D69,쀍覞符␀㌀㌀㘀㘀　　紀준쌰휰븰ﰰ笰␀紀欀㰰簀Ā粐䨀估簰㸀褀樰䐰栰䐰儰樰䐰渰Ȱ뜰㐄續{$336600}お<|互|たが|>いのヴァンガードがグレード３<|以上|いじょう|>{$}の<|時|とき|>、,م   م م 紀 __COLOR_0<|互|たが|> VINGUARD GRADE 3__KANJI_1 COLOR_1____,0.80,file_end,HIGH,COMPLETED,2025-07-30T17:03:48.121211
romfs/fe/tuto_012.rtz,0x2D6B,"覞符␀㌀㌀㘀㘀　　紀준쌰휰븰ﰰ笰␀紀欀㰰簀Ā粐䨀估簰㸀褀樰䐰栰䐰儰樰䐰渰Ȱ뜰㐄續{$336600}お<|互|たが|>いのヴァンガードがグレード３<|以上|いじょう|>{$}の<|時|とき|>、
<","م   م م 紀 __COLOR_0<|互|たが|> VINGUARD GRADE 3__KANJI_1 COLOR_1____
 <",0.80,file_end,HIGH,COMPLETED,2025-07-30T17:03:48.534810
romfs/fe/tuto_012.rtz,0x2D6D,"符␀㌀㌀㘀㘀　　紀준쌰휰븰ﰰ笰␀紀欀㰰簀Ā粐䨀估簰㸀褀樰䐰栰䐰儰樰䐰渰Ȱ뜰㐄續{$336600}お<|互|たが|>いのヴァンガードがグレード３<|以上|いじょう|>{$}の<|時|とき|>、
<|","COPYRIGHT © KANJI_2__ ALL RIGHTS RESERVED.
HOME",0.80,file_end,HIGH,COMPLETED,2025-07-30T17:03:48.958352
romfs/fe/tuto_012.rtz,0x3239,㌀㌀㘀㘀　　紀䀀㈀㐀저휰줰ꐰ혰笰␀紀鈀㰰簀Ā籣舀簰㸀挀昰䐰昰ਰ笀␀㌀㌀㘀㘀　　紀ጀ㳿簀籖䬀䐰簰㸀준ꐰ혰섰ꜰ쌰꼰䰰朰䴰謰笰␀紀渀蠰Ȱꜰ肈㧅ヴァンガードの<|上|うえ|>に<|重|かさ|>ねて、,Apartment Apartment  紀 (ZHANG)紀 ki鈀㰰簀Ā籣舀簰㸀挀昰䐰昰ਰ笀␀ apartment㘀㘀 ki  ki  VanGuard<|上|うえ|>__<|重|かさ|>Ne,0.80,file_end,HIGH,COMPLETED,2025-07-30T17:03:49.293462
romfs/fe/tuto_012.rtz,0x323B,㌀㘀㘀　　紀䀀㈀㐀저휰줰ꐰ혰笰␀紀鈀㰰簀Ā籣舀簰㸀挀昰䐰昰ਰ笀␀㌀㌀㘀㘀　　紀ጀ㳿簀籖䬀䐰簰㸀준ꐰ혰섰ꜰ쌰꼰䰰朰䴰謰笰␀紀渀蠰Ȱꜰ肈㧅ヴァンガードの<|上|うえ|>に<|重|かさ|>ねて、,Apartment  紀 (Shou)Apartment  紀 紀  VANGUARD<|上|うえ|> to<|重|かさ|>,0.80,file_end,HIGH,COMPLETED,2025-07-30T17:03:49.581835
romfs/fe/tuto_012.rtz,0x323D,"㘀㘀　　紀䀀㈀㐀저휰줰ꐰ혰笰␀紀鈀㰰簀Ā籣舀簰㸀挀昰䐰昰ਰ笀␀㌀㌀㘀㘀　　紀ጀ㳿簀籖䬀䐰簰㸀준ꐰ혰섰ꜰ쌰꼰䰰朰䴰謰笰␀紀渀蠰Ȱꜰ肈㧅ヴァンガードの<|上|うえ|>に<|重|かさ|>ねて、
{","  紀 (Yong)Apartment㘀㘀 紀 紀 vinGuard<|上|うえ|><|重|かさ|>Ne,
{",0.80,file_end,HIGH,COMPLETED,2025-07-30T17:03:49.921488
romfs/fe/tuto_012.rtz,0x323F,"㘀　　紀䀀㈀㐀저휰줰ꐰ혰笰␀紀鈀㰰簀Ā籣舀簰㸀挀昰䐰昰ਰ笀␀㌀㌀㘀㘀　　紀ጀ㳿簀籖䬀䐰簰㸀준ꐰ혰섰ꜰ쌰꼰䰰朰䴰謰笰␀紀渀蠰Ȱꜰ肈㧅ヴァンガードの<|上|うえ|>に<|重|かさ|>ねて、
{$","  紀 (Yong)Apartment㘀㘀 紀 紀 vinGuard<|上|うえ|><|重|かさ|>Ne,
 {",0.80,file_end,HIGH,COMPLETED,2025-07-30T17:03:50.255065
romfs/fe/tuto_012.rtz,0x3241,"紀䀀㈀㐀저휰줰ꐰ혰笰␀紀鈀㰰簀Ā籣舀簰㸀挀昰䐰昰ਰ笀␀㌀㌀㘀㘀　　紀ጀ㳿簀籖䬀䐰簰㸀준ꐰ혰섰ꜰ쌰꼰䰰朰䴰謰笰␀紀渀蠰Ȱꜰ肈㧅ヴァンガードの<|上|うえ|>に<|重|かさ|>ねて、
{$3","ki ()Apartment of Nagoya ki  ki  kiヴァン VanGuard<|上|うえ|> _<|重|かさ|>Ne,
{",0.80,file_end,HIGH,COMPLETED,2025-07-30T17:03:50.610067
romfs/fe/tuto_012.rtz,0x3243,"紀䀀㈀㐀저휰줰ꐰ혰笰␀紀鈀㰰簀Ā籣舀簰㸀挀昰䐰昰ਰ笀␀㌀㌀㘀㘀　　紀ጀ㳿簀籖䬀䐰簰㸀준ꐰ혰섰ꜰ쌰꼰䰰朰䴰謰笰␀紀渀蠰Ȱꜰ肈㧅ヴァンガードの<|上|うえ|>に<|重|かさ|>ねて、
{$33","ki ()Apartment of Nagoya ki  ki  kiヴァン VanGuard<|上|うえ|> _<|重|かさ|>Ne,
{",0.80,file_end,HIGH,COMPLETED,2025-07-30T17:03:50.778201
romfs/fe/tuto_012.rtz,0x3245,"紀䀀㈀㐀저휰줰ꐰ혰笰␀紀鈀㰰簀Ā籣舀簰㸀挀昰䐰昰ਰ笀␀㌀㌀㘀㘀　　紀ጀ㳿簀籖䬀䐰簰㸀준ꐰ혰섰ꜰ쌰꼰䰰朰䴰謰笰␀紀渀蠰Ȱꜰ肈㧅ヴァンガードの<|上|うえ|>に<|重|かさ|>ねて、
{$336","ki ()Apartment of Nagoya ki  ki  kiヴァン VanGuard<|上|うえ|> _<|重|かさ|>Ne,
{$336",0.80,file_end,HIGH,COMPLETED,2025-07-30T17:03:50.938963
romfs/fe/tuto_012.rtz,0x3247,"䀀㈀㐀저휰줰ꐰ혰笰␀紀鈀㰰簀Ā籣舀簰㸀挀昰䐰昰ਰ笀␀㌀㌀㘀㘀　　紀ጀ㳿簀籖䬀䐰簰㸀준ꐰ혰섰ꜰ쌰꼰䰰朰䴰謰笰␀紀渀蠰Ȱꜰ肈㧅ヴァンガードの<|上|うえ|>に<|重|かさ|>ねて、
{$3366"," (Shou)ApartmentApartmentApartmentApartmentApartmentApartmentApartmentApartmentApartmentApartmentApartmentApartmentApartmentApartmentApartmentApartmentApartmentApartmentApartmentApartmentApartmentApartmentApartmentApartmentApartmentApartmentApartmentApartmentApartmentApartmentApartmentApartmentApartmentApartmentApartmentApartmentApartmentApartmentApartmentApartmentApartmentApartmentApartmentApartmentApartmentApartmentApartmentApartmentApartmentApartmentApartmentApartmentApartmentApartmentApartmentApartmentApartmentApartmentApartmentApartmentApartmentApartmentApartmentApartmentApartmentApartmentApartmentApartmentApartmentApartmentApartmentApartmentApartmentApartmentApartmentApartmentApartmentApartmentApartmentApartmentApartmentApartmentApartmentA
{$3366",0.80,file_end,HIGH,COMPLETED,2025-07-30T17:03:52.951955
romfs/fe/tuto_012.rtz,0x3249,"㈀㐀저휰줰ꐰ혰笰␀紀鈀㰰簀Ā籣舀簰㸀挀昰䐰昰ਰ笀␀㌀㌀㘀㘀　　紀ጀ㳿簀籖䬀䐰簰㸀준ꐰ혰섰ꜰ쌰꼰䰰朰䴰謰笰␀紀渀蠰Ȱꜰ肈㧅ヴァンガードの<|上|うえ|>に<|重|かさ|>ねて、
{$33660","KANJI_1__
{$33660",0.80,file_end,HIGH,COMPLETED,2025-07-30T17:03:53.229225
romfs/fe/tuto_012.rtz,0x324B,"㐀저휰줰ꐰ혰笰␀紀鈀㰰簀Ā籣舀簰㸀挀昰䐰昰ਰ笀␀㌀㌀㘀㘀　　紀ጀ㳿簀籖䬀䐰簰㸀준ꐰ혰섰ꜰ쌰꼰䰰朰䴰謰笰␀紀渀蠰Ȱꜰ肈㧅ヴァンガードの<|上|うえ|>に<|重|かさ|>ねて、
{$336600"," KI  APARTMENT  KANJI ___KANJI ___KANJI ___
{$336600",0.80,file_end,HIGH,COMPLETED,2025-07-30T17:03:53.573451
romfs/fe/tuto_012.rtz,0x324D,"저휰줰ꐰ혰笰␀紀鈀㰰簀Ā籣舀簰㸀挀昰䐰昰ਰ笀␀㌀㌀㘀㘀　　紀ጀ㳿簀籖䬀䐰簰㸀준ꐰ혰섰ꜰ쌰꼰䰰朰䴰謰笰␀紀渀蠰Ȱꜰ肈㧅ヴァンガードの<|上|うえ|>に<|重|かさ|>ねて、
{$336600}"," KI  APARTMENT  KANJI ___KANJI ___KANJI ___
COLOR",0.80,file_end,HIGH,COMPLETED,2025-07-30T17:03:53.883378
romfs/fe/tuto_012.rtz,0x324F,"휰줰ꐰ혰笰␀紀鈀㰰簀Ā籣舀簰㸀挀昰䐰昰ਰ笀␀㌀㌀㘀㘀　　紀ጀ㳿簀籖䬀䐰簰㸀준ꐰ혰섰ꜰ쌰꼰䰰朰䴰謰笰␀紀渀蠰Ȱꜰ肈㧅ヴァンガードの<|上|うえ|>に<|重|かさ|>ねて、
{$336600}<"," KI  APARTMENT  KANJI ___KANJI ___KANJI ___
COLOR_0__<",0.80,file_end,HIGH,COMPLETED,2025-07-30T17:03:54.180528
romfs/fe/tuto_012.rtz,0x3251,"휰줰ꐰ혰笰␀紀鈀㰰簀Ā籣舀簰㸀挀昰䐰昰ਰ笀␀㌀㌀㘀㘀　　紀ጀ㳿簀籖䬀䐰簰㸀준ꐰ혰섰ꜰ쌰꼰䰰朰䴰謰笰␀紀渀蠰Ȱꜰ肈㧅ヴァンガードの<|上|うえ|>に<|重|かさ|>ねて、
{$336600}<|"," KI  APARTMENT  KANJI ___KANJI ___KANJI ___
{$336600}",0.80,file_end,HIGH,COMPLETED,2025-07-30T17:03:54.486047
romfs/fe/tuto_012.rtz,0x3253,"줰ꐰ혰笰␀紀鈀㰰簀Ā籣舀簰㸀挀昰䐰昰ਰ笀␀㌀㌀㘀㘀　　紀ጀ㳿簀籖䬀䐰簰㸀준ꐰ혰섰ꜰ쌰꼰䰰朰䴰謰笰␀紀渀蠰Ȱꜰ肈㧅ヴァンガードの<|上|うえ|>に<|重|かさ|>ねて、
{$336600}<|超"," KI  APARTMENT  KANJI ___KANJI ___KANJI ___
{$336600}<",0.80,file_end,HIGH,COMPLETED,2025-07-30T17:03:54.797498
romfs/fe/tuto_012.rtz,0x3255,"줰ꐰ혰笰␀紀鈀㰰簀Ā籣舀簰㸀挀昰䐰昰ਰ笀␀㌀㌀㘀㘀　　紀ጀ㳿簀籖䬀䐰簰㸀준ꐰ혰섰ꜰ쌰꼰䰰朰䴰謰笰␀紀渀蠰Ȱꜰ肈㧅ヴァンガードの<|上|うえ|>に<|重|かさ|>ねて、
{$336600}<|超越"," KI  APARTMENT  KANJI ___KANJI ___KANJI ___
{$336600}<",0.80,file_end,HIGH,COMPLETED,2025-07-30T17:03:55.095956
romfs/fe/tuto_012.rtz,0x3257,"ꐰ혰笰␀紀鈀㰰簀Ā籣舀簰㸀挀昰䐰昰ਰ笀␀㌀㌀㘀㘀　　紀ጀ㳿簀籖䬀䐰簰㸀준ꐰ혰섰ꜰ쌰꼰䰰朰䴰謰笰␀紀渀蠰Ȱꜰ肈㧅ヴァンガードの<|上|うえ|>に<|重|かさ|>ねて、
{$336600}<|超越|"," KI  APARTMENT  KANJI ___KANJI ___KANJI ___
{$336600}<",0.80,file_end,HIGH,COMPLETED,2025-07-30T17:03:55.420742
romfs/fe/tuto_012.rtz,0x3259,"ꐰ혰笰␀紀鈀㰰簀Ā籣舀簰㸀挀昰䐰昰ਰ笀␀㌀㌀㘀㘀　　紀ጀ㳿簀籖䬀䐰簰㸀준ꐰ혰섰ꜰ쌰꼰䰰朰䴰謰笰␀紀渀蠰Ȱꜰ肈㧅ヴァンガードの<|上|うえ|>に<|重|かさ|>ねて、
{$336600}<|超越|ス"," KI  APARTMENT  KANJI ___KANJI ___KANJI ___
{$336600}<",0.80,file_end,HIGH,COMPLETED,2025-07-30T17:03:55.802110
romfs/fe/tuto_012.rtz,0x325B,"혰笰␀紀鈀㰰簀Ā籣舀簰㸀挀昰䐰昰ਰ笀␀㌀㌀㘀㘀　　紀ጀ㳿簀籖䬀䐰簰㸀준ꐰ혰섰ꜰ쌰꼰䰰朰䴰謰笰␀紀渀蠰Ȱꜰ肈㧅ヴァンガードの<|上|うえ|>に<|重|かさ|>ねて、
{$336600}<|超越|スト"," KI  APARTMENT  KANJI ___KANJI ___KANJI ___
{$336600}<",0.80,file_end,HIGH,COMPLETED,2025-07-30T17:03:56.108885
romfs/fe/tuto_012.rtz,0x325D,"笰␀紀鈀㰰簀Ā籣舀簰㸀挀昰䐰昰ਰ笀␀㌀㌀㘀㘀　　紀ጀ㳿簀籖䬀䐰簰㸀준ꐰ혰섰ꜰ쌰꼰䰰朰䴰謰笰␀紀渀蠰Ȱꜰ肈㧅ヴァンガードの<|上|うえ|>に<|重|かさ|>ねて、
{$336600}<|超越|ストラ"," KI  APARTMENT  KANJI ___KANJI ___KANJI ___
{$336600}<",0.80,file_end,HIGH,COMPLETED,2025-07-30T17:03:56.430539
romfs/fe/tuto_012.rtz,0x325F,"␀紀鈀㰰簀Ā籣舀簰㸀挀昰䐰昰ਰ笀␀㌀㌀㘀㘀　　紀ጀ㳿簀籖䬀䐰簰㸀준ꐰ혰섰ꜰ쌰꼰䰰朰䴰謰笰␀紀渀蠰Ȱꜰ肈㧅ヴァンガードの<|上|うえ|>に<|重|かさ|>ねて、
{$336600}<|超越|ストライ"," KI  APARTMENT  KANJI ___KANJI ___KANJI ___
{$336600}<",0.80,file_end,HIGH,COMPLETED,2025-07-30T17:03:56.759527
romfs/fe/tuto_012.rtz,0x3261,"紀鈀㰰簀Ā籣舀簰㸀挀昰䐰昰ਰ笀␀㌀㌀㘀㘀　　紀ጀ㳿簀籖䬀䐰簰㸀준ꐰ혰섰ꜰ쌰꼰䰰朰䴰謰笰␀紀渀蠰Ȱꜰ肈㧅ヴァンガードの<|上|うえ|>に<|重|かさ|>ねて、
{$336600}<|超越|ストライド","ki  apartmentアパート ki  ki  VanGuard<|上|うえ|> to<|重|かさ|>ne,
{$336600}<",0.80,file_end,HIGH,COMPLETED,2025-07-30T17:03:57.147693
romfs/fe/tuto_012.rtz,0x3263,"鈀㰰簀Ā籣舀簰㸀挀昰䐰昰ਰ笀␀㌀㌀㘀㘀　　紀ጀ㳿簀籖䬀䐰簰㸀준ꐰ혰섰ꜰ쌰꼰䰰朰䴰謰笰␀紀渀蠰Ȱꜰ肈㧅ヴァンガードの<|上|うえ|>に<|重|かさ|>ねて、
{$336600}<|超越|ストライド|"," Apartment㘀㘀 KANJI_0__ _<|重|かさ|>
{$336600}<",0.80,file_end,HIGH,COMPLETED,2025-07-30T17:03:58.399165
romfs/fe/tuto_012.rtz,0x3265,"㰰簀Ā籣舀簰㸀挀昰䐰昰ਰ笀␀㌀㌀㘀㘀　　紀ጀ㳿簀籖䬀䐰簰㸀준ꐰ혰섰ꜰ쌰꼰䰰朰䴰謰笰␀紀渀蠰Ȱꜰ肈㧅ヴァンガードの<|上|うえ|>に<|重|かさ|>ねて、
{$336600}<|超越|ストライド|>"," Apartment㘀㘀 KANJI_0__ _<|重|かさ|>
COLOR_0 _KANJI_2__",0.80,file_end,HIGH,COMPLETED,2025-07-30T17:03:58.742919
romfs/fe/tuto_012.rtz,0x3267,"簀Ā籣舀簰㸀挀昰䐰昰ਰ笀␀㌀㌀㘀㘀　　紀ጀ㳿簀籖䬀䐰簰㸀준ꐰ혰섰ꜰ쌰꼰䰰朰䴰謰笰␀紀渀蠰Ȱꜰ肈㧅ヴァンガードの<|上|うえ|>に<|重|かさ|>ねて、
{$336600}<|超越|ストライド|>{"," Apartment㘀㘀 KANJI_0__ _<|重|かさ|>
COLOR_0 _KANJI_2__{",0.80,file_end,HIGH,COMPLETED,2025-07-30T17:03:59.092276
romfs/fe/tuto_012.rtz,0x3777,濯筃␀㌀㌀㘀㘀　　紀㰀簀ﴀ鮀籒渀䘰訰蜰估簰㸀䰀㰰簀稀핶籒漀搰椰䘰簰㸀笀␀紀圀弰輰洰Ȱਰ㰀簀଀㭎扵粗圀弰䰰脰錰簰㸀鈀㰰簀謀粉缀簰㸀昀缰昰Ȱ∰ⰳ䓮それじゃ、あなたの{$336600}ヴァンガード{$}で,╰  APARTMENT  ح ح ح ح 紀 紀                          ,0.80,file_end,HIGH,COMPLETED,2025-07-30T17:03:59.450597
romfs/fe/tuto_012.rtz,0x3779,筃␀㌀㌀㘀㘀　　紀㰀簀ﴀ鮀籒渀䘰訰蜰估簰㸀䰀㰰簀稀핶籒漀搰椰䘰簰㸀笀␀紀圀弰輰洰Ȱਰ㰀簀଀㭎扵粗圀弰䰰脰錰簰㸀鈀㰰簀謀粉缀簰㸀昀缰昰Ȱ∰ⰳ䓮それじゃ、あなたの{$336600}ヴァンガード{$}で,  Apartment Apartment 紀 ح ح ح ح                                                ,0.80,file_end,HIGH,COMPLETED,2025-07-30T17:03:59.899498
romfs/fe/tuto_012.rtz,0x377B,"筃␀㌀㌀㘀㘀　　紀㰀簀ﴀ鮀籒渀䘰訰蜰估簰㸀䰀㰰簀稀핶籒漀搰椰䘰簰㸀笀␀紀圀弰輰洰Ȱਰ㰀簀଀㭎扵粗圀弰䰰脰錰簰㸀鈀㰰簀謀粉缀簰㸀昀缰昰Ȱ∰ⰳ䓮それじゃ、あなたの{$336600}ヴァンガード{$}で
{","  Apartment Apartment 紀 ح ح ح ح                                                
{",0.80,file_end,HIGH,COMPLETED,2025-07-30T17:04:00.373865
romfs/fe/tuto_012.rtz,0x377D,"␀㌀㌀㘀㘀　　紀㰀簀ﴀ鮀籒渀䘰訰蜰估簰㸀䰀㰰簀稀핶籒漀搰椰䘰簰㸀笀␀紀圀弰輰洰Ȱਰ㰀簀଀㭎扵粗圀弰䰰脰錰簰㸀鈀㰰簀謀粉缀簰㸀昀缰昰Ȱ∰ⰳ䓮それじゃ、あなたの{$336600}ヴァンガード{$}で
{$","  Apartment Apartment 紀 ح ح ح ح                                                
 {",0.80,file_end,HIGH,COMPLETED,2025-07-30T17:04:00.860274
romfs/fe/tuto_012.rtz,0x377F,"㌀㌀㘀㘀　　紀㰀簀ﴀ鮀籒渀䘰訰蜰估簰㸀䰀㰰簀稀핶籒漀搰椰䘰簰㸀笀␀紀圀弰輰洰Ȱਰ㰀簀଀㭎扵粗圀弰䰰脰錰簰㸀鈀㰰簀謀粉缀簰㸀昀缰昰Ȱ∰ⰳ䓮それじゃ、あなたの{$336600}ヴァンガード{$}で
{$3","Apartment apartment 紀 ح ح ح ح ح                            
{",0.80,file_end,HIGH,COMPLETED,2025-07-30T17:04:01.246970
romfs/fe/tuto_012.rtz,0x3781,"㌀㘀㘀　　紀㰀簀ﴀ鮀籒渀䘰訰蜰估簰㸀䰀㰰簀稀핶籒漀搰椰䘰簰㸀笀␀紀圀弰輰洰Ȱਰ㰀簀଀㭎扵粗圀弰䰰脰錰簰㸀鈀㰰簀謀粉缀簰㸀昀缰昰Ȱ∰ⰳ䓮それじゃ、あなたの{$336600}ヴァンガード{$}で
{$33","Apartment 紀 ح ح ح ح ح 紀                          
{",0.80,file_end,HIGH,COMPLETED,2025-07-30T17:04:01.618866
romfs/fe/tuto_012.rtz,0x3783,"㘀㘀　　紀㰀簀ﴀ鮀籒渀䘰訰蜰估簰㸀䰀㰰簀稀핶籒漀搰椰䘰簰㸀笀␀紀圀弰輰洰Ȱਰ㰀簀଀㭎扵粗圀弰䰰脰錰簰㸀鈀㰰簀謀粉缀簰㸀昀缰昰Ȱ∰ⰳ䓮それじゃ、あなたの{$336600}ヴァンガード{$}で
{$336","  It is your{$336600}VanGuard{$}
{$336",0.80,file_end,HIGH,COMPLETED,2025-07-30T17:04:02.078680
romfs/fe/tuto_012.rtz,0x3785,"㘀　　紀㰀簀ﴀ鮀籒渀䘰訰蜰估簰㸀䰀㰰簀稀핶籒漀搰椰䘰簰㸀笀␀紀圀弰輰洰Ȱਰ㰀簀଀㭎扵粗圀弰䰰脰錰簰㸀鈀㰰簀謀粉缀簰㸀昀缰昰Ȱ∰ⰳ䓮それじゃ、あなたの{$336600}ヴァンガード{$}で
{$3366","  It is your{$336600}VanGuard{$}
{$3366",0.80,file_end,HIGH,COMPLETED,2025-07-30T17:04:02.514478
romfs/fe/tuto_012.rtz,0x3787,"紀㰀簀ﴀ鮀籒渀䘰訰蜰估簰㸀䰀㰰簀稀핶籒漀搰椰䘰簰㸀笀␀紀圀弰輰洰Ȱਰ㰀簀଀㭎扵粗圀弰䰰脰錰簰㸀鈀㰰簀謀粉缀簰㸀昀缰昰Ȱ∰ⰳ䓮それじゃ、あなたの{$336600}ヴァンガード{$}で
{$33660","It is your{$336600} VanGuard{$}
{$33660",0.80,file_end,HIGH,COMPLETED,2025-07-30T17:04:02.969671
romfs/fe/tuto_012.rtz,0x3789,"紀㰀簀ﴀ鮀籒渀䘰訰蜰估簰㸀䰀㰰簀稀핶籒漀搰椰䘰簰㸀笀␀紀圀弰輰洰Ȱਰ㰀簀଀㭎扵粗圀弰䰰脰錰簰㸀鈀㰰簀謀粉缀簰㸀昀缰昰Ȱ∰ⰳ䓮それじゃ、あなたの{$336600}ヴァンガード{$}で
{$336600","It is your{$336600} VanGuard{$}
{$336600",0.80,file_end,HIGH,COMPLETED,2025-07-30T17:04:03.150289
romfs/fe/tuto_012.rtz,0x378B,"紀㰀簀ﴀ鮀籒渀䘰訰蜰估簰㸀䰀㰰簀稀핶籒漀搰椰䘰簰㸀笀␀紀圀弰輰洰Ȱਰ㰀簀଀㭎扵粗圀弰䰰脰錰簰㸀鈀㰰簀謀粉缀簰㸀昀缰昰Ȱ∰ⰳ䓮それじゃ、あなたの{$336600}ヴァンガード{$}で
{$336600}","It is your{$336600} VanGuard{$}
COLOR_2__",0.80,file_end,HIGH,COMPLETED,2025-07-30T17:04:03.335626
romfs/fe/tuto_012.rtz,0x378D,"㰀簀ﴀ鮀籒渀䘰訰蜰估簰㸀䰀㰰簀稀핶籒漀搰椰䘰簰㸀笀␀紀圀弰輰洰Ȱਰ㰀簀଀㭎扵粗圀弰䰰脰錰簰㸀鈀㰰簀謀粉缀簰㸀昀缰昰Ȱ∰ⰳ䓮それじゃ、あなたの{$336600}ヴァンガード{$}で
{$336600}<","It is your{$336600} VanGuard{$}
{$336600}<",0.80,file_end,HIGH,COMPLETED,2025-07-30T17:04:03.654461
romfs/fe/tuto_012.rtz,0x378F,"簀ﴀ鮀籒渀䘰訰蜰估簰㸀䰀㰰簀稀핶籒漀搰椰䘰簰㸀笀␀紀圀弰輰洰Ȱਰ㰀簀଀㭎扵粗圀弰䰰脰錰簰㸀鈀㰰簀謀粉缀簰㸀昀缰昰Ȱ∰ⰳ䓮それじゃ、あなたの{$336600}ヴァンガード{$}で
{$336600}<|","It is your{$336600} VanGuard{$}
{$336600}<",0.80,file_end,HIGH,COMPLETED,2025-07-30T17:04:03.943694
romfs/fe/tuto_012.rtz,0x3791,"ﴀ鮀籒渀䘰訰蜰估簰㸀䰀㰰簀稀핶籒漀搰椰䘰簰㸀笀␀紀圀弰輰洰Ȱਰ㰀簀଀㭎扵粗圀弰䰰脰錰簰㸀鈀㰰簀謀粉缀簰㸀昀缰昰Ȱ∰ⰳ䓮それじゃ、あなたの{$336600}ヴァンガード{$}で
{$336600}<|私","It is your{$336600} VanGuard{$}
{$336600}<",0.80,file_end,HIGH,COMPLETED,2025-07-30T17:04:04.316307
romfs/fe/tuto_012.rtz,0x3793,"鮀籒渀䘰訰蜰估簰㸀䰀㰰簀稀핶籒漀搰椰䘰簰㸀笀␀紀圀弰輰洰Ȱਰ㰀簀଀㭎扵粗圀弰䰰脰錰簰㸀鈀㰰簀謀粉缀簰㸀昀缰昰Ȱ∰ⰳ䓮それじゃ、あなたの{$336600}ヴァンガード{$}で
{$336600}<|私|","In your{$336600} VanGuard{$}
{$336600}<",0.80,file_end,HIGH,COMPLETED,2025-07-30T17:04:04.661960
romfs/fe/tuto_012.rtz,0x3795,"籒渀䘰訰蜰估簰㸀䰀㰰簀稀핶籒漀搰椰䘰簰㸀笀␀紀圀弰輰洰Ȱਰ㰀簀଀㭎扵粗圀弰䰰脰錰簰㸀鈀㰰簀謀粉缀簰㸀昀缰昰Ȱ∰ⰳ䓮それじゃ、あなたの{$336600}ヴァンガード{$}で
{$336600}<|私|わ","In your{$336600} VanGuard{$}
{$336600}<",0.80,file_end,HIGH,COMPLETED,2025-07-30T17:04:05.017910
romfs/fe/tuto_012.rtz,0x3797,"渀䘰訰蜰估簰㸀䰀㰰簀稀핶籒漀搰椰䘰簰㸀笀␀紀圀弰輰洰Ȱਰ㰀簀଀㭎扵粗圀弰䰰脰錰簰㸀鈀㰰簀謀粉缀簰㸀昀缰昰Ȱ∰ⰳ䓮それじゃ、あなたの{$336600}ヴァンガード{$}で
{$336600}<|私|わた","In your{$336600} VanGuard{$}
{$336600}<",0.80,file_end,HIGH,COMPLETED,2025-07-30T17:04:05.361993
romfs/fe/tuto_012.rtz,0x3799,"䘰訰蜰估簰㸀䰀㰰簀稀핶籒漀搰椰䘰簰㸀笀␀紀圀弰輰洰Ȱਰ㰀簀଀㭎扵粗圀弰䰰脰錰簰㸀鈀㰰簀謀粉缀簰㸀昀缰昰Ȱ∰ⰳ䓮それじゃ、あなたの{$336600}ヴァンガード{$}で
{$336600}<|私|わたし","In your{$336600} VanGuard{$}
{$336600}<",0.80,file_end,HIGH,COMPLETED,2025-07-30T17:04:05.712475
romfs/fe/tuto_012.rtz,0x379B,"訰蜰估簰㸀䰀㰰簀稀핶籒漀搰椰䘰簰㸀笀␀紀圀弰輰洰Ȱਰ㰀簀଀㭎扵粗圀弰䰰脰錰簰㸀鈀㰰簀謀粉缀簰㸀昀缰昰Ȱ∰ⰳ䓮それじゃ、あなたの{$336600}ヴァンガード{$}で
{$336600}<|私|わたし|","In your{$336600} VanGuard{$}
{$336600}<",0.80,file_end,HIGH,COMPLETED,2025-07-30T17:04:06.140690
romfs/fe/tuto_012.rtz,0x379D,"蜰估簰㸀䰀㰰簀稀핶籒漀搰椰䘰簰㸀笀␀紀圀弰輰洰Ȱਰ㰀簀଀㭎扵粗圀弰䰰脰錰簰㸀鈀㰰簀謀粉缀簰㸀昀缰昰Ȱ∰ⰳ䓮それじゃ、あなたの{$336600}ヴァンガード{$}で
{$336600}<|私|わたし|>","In your{$336600} VanGuard{$}
__COLOR_2 _KANJI_0__",0.80,file_end,HIGH,COMPLETED,2025-07-30T17:04:06.495325
romfs/fe/tuto_012.rtz,0x379F,"估簰㸀䰀㰰簀稀핶籒漀搰椰䘰簰㸀笀␀紀圀弰輰洰Ȱਰ㰀簀଀㭎扵粗圀弰䰰脰錰簰㸀鈀㰰簀謀粉缀簰㸀昀缰昰Ȱ∰ⰳ䓮それじゃ、あなたの{$336600}ヴァンガード{$}で
{$336600}<|私|わたし|>の","In your{$336600} VanGuard{$}
__COLOR_2のKANJI_0__",0.80,file_end,HIGH,COMPLETED,2025-07-30T17:04:06.863944
romfs/fe/tuto_012.rtz,0x37A1,"簰㸀䰀㰰簀稀핶籒漀搰椰䘰簰㸀笀␀紀圀弰輰洰Ȱਰ㰀簀଀㭎扵粗圀弰䰰脰錰簰㸀鈀㰰簀謀粉缀簰㸀昀缰昰Ȱ∰ⰳ䓮それじゃ、あなたの{$336600}ヴァンガード{$}で
{$336600}<|私|わたし|>のヴ","In your{$336600} VanGuard{$}
__COLOR_2のKANJI_0__",0.80,file_end,HIGH,COMPLETED,2025-07-30T17:04:07.253681
romfs/fe/tuto_012.rtz,0x37A3,"㸀䰀㰰簀稀핶籒漀搰椰䘰簰㸀笀␀紀圀弰輰洰Ȱਰ㰀簀଀㭎扵粗圀弰䰰脰錰簰㸀鈀㰰簀謀粉缀簰㸀昀缰昰Ȱ∰ⰳ䓮それじゃ、あなたの{$336600}ヴァンガード{$}で
{$336600}<|私|わたし|>のヴァ","In your{$336600} VanGuard{$}
__COLOR_2のKANJI_0__VA",0.80,file_end,HIGH,COMPLETED,2025-07-30T17:04:07.657436
romfs/fe/tuto_007.rtz,0x3AA6,기ꈰאּ줰됰ᨰ㗯⪙ダメージとしてカード,Card as Damage,0.70,file_end,HIGH,COMPLETED,2025-07-30T17:04:07.849323
romfs/fe/tuto_007.rtz,0x3AA8,ꈰאּ줰됰ᨰ㗯⪙ダメージとしてカードを,  Damage Card,0.70,file_end,HIGH,COMPLETED,2025-07-30T17:04:08.023027
romfs/fe/tuto_007.rtz,0x3AAA,אּ줰됰ᨰ㗯⪙ダメージとしてカードを,  Damage Card,0.70,file_end,HIGH,COMPLETED,2025-07-30T17:04:08.198697
romfs/fe/tuto_007.rtz,0x3AAC,"줰됰ᨰ㗯⪙ダメージとしてカードを
{","  Damage Card
{",0.70,file_end,HIGH,COMPLETED,2025-07-30T17:04:08.400032
romfs/fe/tuto_007.rtz,0x3AAE,"됰ᨰ㗯⪙ダメージとしてカードを
{$","  Damage Card
 {",0.70,file_end,HIGH,COMPLETED,2025-07-30T17:04:08.603696
romfs/fe/tuto_007.rtz,0x3ABA,ダメージとしてカード,Card as Damage,0.70,file_end,HIGH,COMPLETED,2025-07-30T17:04:08.764194
romfs/fe/tuto_007.rtz,0x3BCE,|こんかい|>あなたは{$336600}ヴァンガード{$}で,_COLOR_0__VAN GUARD{$},0.70,file_end,HIGH,COMPLETED,2025-07-30T17:04:08.979613
romfs/fe/tuto_007.rtz,0x3BDA,>あなたは{$336600}ヴァンガード,>YOU_{$336600} VANGUARD,0.70,file_end,HIGH,COMPLETED,2025-07-30T17:04:09.191584
romfs/fe/tuto_007.rtz,0x3BDC,あなたは{$336600}ヴァンガード{,YOU {$336600} VANGUARD {,0.70,file_end,HIGH,COMPLETED,2025-07-30T17:04:09.389700
romfs/fe/tuto_007.rtz,0x3BDE,なたは{$336600}ヴァンガード{$,{$336600} VANGUARD {$,0.70,file_end,HIGH,COMPLETED,2025-07-30T17:04:09.590310
romfs/fe/tuto_007.rtz,0x3BE0,たは{$336600}ヴァンガード{$},{$336600} VANGUARD{$},0.70,file_end,HIGH,COMPLETED,2025-07-30T17:04:09.810876
romfs/fe/tuto_007.rtz,0x3BE2,は{$336600}ヴァンガード{$}で,{$336600}VANGUARD{$},0.70,file_end,HIGH,COMPLETED,2025-07-30T17:04:10.176349
romfs/fe/tuto_007.rtz,0x3BE4,{$336600}ヴァンガード{$}で,{$336600}VANG GUARD{$},0.70,file_end,HIGH,COMPLETED,2025-07-30T17:04:10.404713
romfs/fe/tuto_007.rtz,0x3BE6,"$336600}ヴァンガード{$}で
ア","$336600} VANGUARD{$}
 ア",0.70,file_end,HIGH,COMPLETED,2025-07-30T17:04:10.638060
romfs/fe/tuto_007.rtz,0x3BE8,"336600}ヴァンガード{$}で
アタ","336600}VANGUARD{$}
ア",0.70,file_end,HIGH,COMPLETED,2025-07-30T17:04:10.875714
romfs/fe/tuto_007.rtz,0x3BEA,"36600}ヴァンガード{$}で
アタッ","36600} VANGUARD{$}
ア",0.70,file_end,HIGH,COMPLETED,2025-07-30T17:04:11.127811
romfs/fe/tuto_007.rtz,0x3BF6,ヴァンガード{$}で,VANGUARD{$},0.70,file_end,HIGH,COMPLETED,2025-07-30T17:04:11.329088
romfs/fe/tuto_007.rtz,0x3C1E,"쓁鶀匯谰朰İ㰰簀섀籹輀弰地簰㸀渀쬰쌰젰渰㰰簀뤀籥笀䘰簰㸀䰀ਰ턀ﰰ䰰㰰簀粚开䬰簰㸀伀樰挰弰洰Ȱ嘰䠐㶞ガードに<|出|だ|>したユニットが<|持|も|>ってる
{$336600}@08シールドの<|","_<|出|だ|> _<|持|も|>
{$336600}@08",0.70,file_end,HIGH,COMPLETED,2025-07-30T17:04:11.662830
romfs/fe/tuto_007.rtz,0x3C20,"鶀匯谰朰İ㰰簀섀籹輀弰地簰㸀渀쬰쌰젰渰㰰簀뤀籥笀䘰簰㸀䰀ਰ턀ﰰ䰰㰰簀粚开䬰簰㸀伀樰挰弰洰Ȱ嘰䠐㶞ガードに<|出|だ|>したユニットが<|持|も|>ってる
{$336600}@08シールドの<|数","_<|出|だ|> _<|持|も|>
{$336600}@08 < _ NUMBER",0.70,file_end,HIGH,COMPLETED,2025-07-30T17:04:12.026891
romfs/fe/tuto_007.rtz,0x3C22,"匯谰朰İ㰰簀섀籹輀弰地簰㸀渀쬰쌰젰渰㰰簀뤀籥笀䘰簰㸀䰀ਰ턀ﰰ䰰㰰簀粚开䬰簰㸀伀樰挰弰洰Ȱ嘰䠐㶞ガードに<|出|だ|>したユニットが<|持|も|>ってる
{$336600}@08シールドの<|数字","_<|出|だ|> _<|持|も|>
{$336600}@08",0.70,file_end,HIGH,COMPLETED,2025-07-30T17:04:12.355097
romfs/fe/tuto_007.rtz,0x3C44,젰渰㰰簀뤀籥笀䘰簰㸀䰀ਰ턀ﰰ䰰㰰簀粚开䬰簰㸀伀樰挰弰洰Ȱ嘰䠐㶞ガードに<|出|だ|>したユニット, م  GUARD <|出|だ|> UNIT,0.70,file_end,HIGH,COMPLETED,2025-07-30T17:04:12.568396
romfs/fe/tuto_007.rtz,0x3C46,渰㰰簀뤀籥笀䘰簰㸀䰀ਰ턀ﰰ䰰㰰簀粚开䬰簰㸀伀樰挰弰洰Ȱ嘰䠐㶞ガードに<|出|だ|>したユニットが, م  GUARD <|出|だ|>,0.70,file_end,HIGH,COMPLETED,2025-07-30T17:04:12.780894
romfs/fe/tuto_007.rtz,0x3C48,㰰簀뤀籥笀䘰簰㸀䰀ਰ턀ﰰ䰰㰰簀粚开䬰簰㸀伀樰挰弰洰Ȱ嘰䠐㶞ガードに<|出|だ|>したユニットが<, م  GUARD <|出|だ|> UNIT <,0.70,file_end,HIGH,COMPLETED,2025-07-30T17:04:12.985257
romfs/fe/tuto_007.rtz,0x3C4A,簀뤀籥笀䘰簰㸀䰀ਰ턀ﰰ䰰㰰簀粚开䬰簰㸀伀樰挰弰洰Ȱ嘰䠐㶞ガードに<|出|だ|>したユニットが<|, م  GUARD <|出|だ|> __,0.70,file_end,HIGH,COMPLETED,2025-07-30T17:04:13.195303
romfs/fe/tuto_007.rtz,0x3EF6,し|>のヴァンガード,VanGuard,0.70,file_end,HIGH,COMPLETED,2025-07-30T17:04:14.272273
romfs/fe/tuto_007.rtz,0x3EF8,|>のヴァンガードを,|> VanGuard,0.70,file_end,HIGH,COMPLETED,2025-07-30T17:04:14.441725
romfs/fe/tuto_007.rtz,0x3EFA,>のヴァンガードを{,> VanGuard {,0.70,file_end,HIGH,COMPLETED,2025-07-30T17:04:14.605321
romfs/fe/tuto_007.rtz,0x3EFC,のヴァンガードを{$,The VanGuard {$,0.70,file_end,HIGH,COMPLETED,2025-07-30T17:04:14.799874
romfs/fe/tuto_007.rtz,0x3EFE,ヴァンガードを{$},{$},0.70,file_end,HIGH,COMPLETED,2025-07-30T17:04:14.997986
romfs/fe/tuto_007.rtz,0x3F58,ꬻꐰ윰אּꨰ혰אּ윰ꌰ픰ꤰﰰ묰㜰歵㪫リアガードにアタック, م リアGuard,0.70,file_end,HIGH,COMPLETED,2025-07-30T17:04:15.180187
romfs/fe/tuto_007.rtz,0x3F6C,ꌰ픰ꤰﰰ묰㜰歵㪫リアガードにアタック, م リアGuard,0.70,file_end,HIGH,COMPLETED,2025-07-30T17:04:15.359637
romfs/fe/tuto_007.rtz,0x3F80,リアガードにアタック,Attack on Rear Guard,0.70,file_end,HIGH,COMPLETED,2025-07-30T17:04:15.528197
romfs/fe/tuto_007.rtz,0x3F82,アガードにアタックす,Attack on AGuard,0.70,file_end,HIGH,COMPLETED,2025-07-30T17:04:15.697317
romfs/fe/tuto_007.rtz,0x3F84,ガードにアタックする,Attack the Guard,0.70,file_end,HIGH,COMPLETED,2025-07-30T17:04:15.864140
romfs/fe/tuto_007.rtz,0x3FFE,ᝒ籒尀錰谰搰簰㸀渀쬰쌰젰䰰笰␀㌀㌀㘀㘀　　紀ꈀ뼰쌰꼰夰謰㰰簀䈀籦栀䴰簰㸀笀␀紀Āꌰ芩㶰ヴァンガード,  APARTMENT㘀㘀 BOLIVIA,0.70,file_end,HIGH,COMPLETED,2025-07-30T17:04:16.059324
romfs/fe/tuto_007.rtz,0x4000,籒尀錰谰搰簰㸀渀쬰쌰젰䰰笰␀㌀㌀㘀㘀　　紀ꈀ뼰쌰꼰夰謰㰰簀䈀籦栀䴰簰㸀笀␀紀Āꌰ芩㶰ヴァンガードで,APARTMENT FOR RENT IN BOLIVIA,0.70,file_end,HIGH,COMPLETED,2025-07-30T17:04:16.253338
romfs/fe/tuto_007.rtz,0x4002,尀錰谰搰簰㸀渀쬰쌰젰䰰笰␀㌀㌀㘀㘀　　紀ꈀ뼰쌰꼰夰謰㰰簀䈀籦栀䴰簰㸀笀␀紀Āꌰ芩㶰ヴァンガードでア,APARTMENT FOR RENT IN BOLIVIA,0.70,file_end,HIGH,COMPLETED,2025-07-30T17:04:16.455167
romfs/fe/tuto_007.rtz,0x4004,錰谰搰簰㸀渀쬰쌰젰䰰笰␀㌀㌀㘀㘀　　紀ꈀ뼰쌰꼰夰謰㰰簀䈀籦栀䴰簰㸀笀␀紀Āꌰ芩㶰ヴァンガードでアタ,APARTMENT FOR RENT IN BOLIVIA APARTMENT IN BOLIVIA,0.70,file_end,HIGH,COMPLETED,2025-07-30T17:04:16.662102
romfs/fe/tuto_007.rtz,0x4006,谰搰簰㸀渀쬰쌰젰䰰笰␀㌀㌀㘀㘀　　紀ꈀ뼰쌰꼰夰謰㰰簀䈀籦栀䴰簰㸀笀␀紀Āꌰ芩㶰ヴァンガードでアタッ,APARTMENT FOR RENT IN ATAD IN BOLIVIA,0.70,file_end,HIGH,COMPLETED,2025-07-30T17:04:16.869173
romfs/fe/tuto_007.rtz,0x4026,紀ꈀ뼰쌰꼰夰謰㰰簀䈀籦栀䴰簰㸀笀␀紀Āꌰ芩㶰ヴァンガード,KIRIGAMI VANGUARD,0.70,file_end,HIGH,COMPLETED,2025-07-30T17:04:17.058191
romfs/fe/tuto_007.rtz,0x4028,紀ꈀ뼰쌰꼰夰謰㰰簀䈀籦栀䴰簰㸀笀␀紀Āꌰ芩㶰ヴァンガードで,    VANGUARD,0.70,file_end,HIGH,COMPLETED,2025-07-30T17:04:17.240668
romfs/fe/tuto_007.rtz,0x402A,紀ꈀ뼰쌰꼰夰謰㰰簀䈀籦栀䴰簰㸀笀␀紀Āꌰ芩㶰ヴァンガードでア,A IN THE BOLIVIA VANGUARD,0.70,file_end,HIGH,COMPLETED,2025-07-30T17:04:17.420494
romfs/fe/tuto_007.rtz,0x402C,ꈀ뼰쌰꼰夰謰㰰簀䈀籦栀䴰簰㸀笀␀紀Āꌰ芩㶰ヴァンガードでアタ,ATA WITH OMAKI  VANGUARD,0.70,file_end,HIGH,COMPLETED,2025-07-30T17:04:17.616270
romfs/fe/tuto_007.rtz,0x402E,뼰쌰꼰夰謰㰰簀䈀籦栀䴰簰㸀笀␀紀Āꌰ芩㶰ヴァンガードでアタッ,ATAT WITH THE 紀KI ヴァン VANGUARD,0.70,file_end,HIGH,COMPLETED,2025-07-30T17:04:17.807726
romfs/fe/tuto_007.rtz,0x403A,簀䈀籦栀䴰簰㸀笀␀紀Āꌰ芩㶰ヴァンガード, KI  VANGUARD,0.70,file_end,HIGH,COMPLETED,2025-07-30T17:04:17.995670
romfs/fe/tuto_007.rtz,0x403C,䈀籦栀䴰簰㸀笀␀紀Āꌰ芩㶰ヴァンガードで, KI  VANGUARD,0.70,file_end,HIGH,COMPLETED,2025-07-30T17:04:18.189609
romfs/fe/tuto_007.rtz,0x403E,籦栀䴰簰㸀笀␀紀Āꌰ芩㶰ヴァンガードでア,A WITH THE HOLOGRAPHIC VANGUARD,0.70,file_end,HIGH,COMPLETED,2025-07-30T17:04:18.380499
romfs/fe/tuto_007.rtz,0x4040,栀䴰簰㸀笀␀紀Āꌰ芩㶰ヴァンガードでアタ,ATA WITH OMAKI  VANGUARD,0.70,file_end,HIGH,COMPLETED,2025-07-30T17:04:18.569105
romfs/fe/tuto_007.rtz,0x4042,䴰簰㸀笀␀紀Āꌰ芩㶰ヴァンガードでアタッ,ATAT WITH THE 紀KI ヴァン VANGUARD,0.70,file_end,HIGH,COMPLETED,2025-07-30T17:04:18.761993
romfs/fe/tuto_007.rtz,0x404E,Āꌰ芩㶰ヴァンガード,LUGGAGE STORAGE VANGUARD,0.70,file_end,HIGH,COMPLETED,2025-07-30T17:04:18.920305
romfs/fe/tuto_007.rtz,0x4050,ꌰ芩㶰ヴァンガードで,  VanGuard,0.70,file_end,HIGH,COMPLETED,2025-07-30T17:04:19.083017
romfs/fe/tuto_007.rtz,0x4052,芩㶰ヴァンガードでア,  VanGuard,0.70,file_end,HIGH,COMPLETED,2025-07-30T17:04:19.257973
romfs/fe/tuto_007.rtz,0x4054,㶰ヴァンガードでアタ,タ VanGuard,0.70,file_end,HIGH,COMPLETED,2025-07-30T17:04:19.426918
romfs/fe/tuto_007.rtz,0x4056,ヴァンガードでアタッ,VanGuard,0.70,file_end,HIGH,COMPLETED,2025-07-30T17:04:19.588211
romfs/fe/tuto_007.rtz,0x4058,ァンガードでアタック,Attack with VanGuard,0.70,file_end,HIGH,COMPLETED,2025-07-30T17:04:19.756408
romfs/fe/tuto_007.rtz,0x405A,ンガードでアタックし,Attack with Ngurd,0.70,file_end,HIGH,COMPLETED,2025-07-30T17:04:19.930813
romfs/fe/tuto_007.rtz,0x405C,ガードでアタックした,Attacked by Guard,0.70,file_end,HIGH,COMPLETED,2025-07-30T17:04:20.090365
romfs/fe/tuto_007.rtz,0x4B26,㰓簀℀籫搀丰簰㸀漀쀰ﰰ렰뤰옰쌰휰洰Ȱꀰ埵{$336600}アタックした<|側|がわ|>のパワー,POWER OF KANA/C م {$336600}ックAKED<|側|がわ|>,0.70,file_end,HIGH,COMPLETED,2025-07-30T17:04:20.349851
romfs/fe/tuto_007.rtz,0x4B28,㰓簀℀籫搀丰簰㸀漀쀰ﰰ렰뤰옰쌰휰洰Ȱꀰ埵{$336600}アタックした<|側|がわ|>のパワー{, A/C م {$336600} THE POWER OF<|側|がわ|>,0.70,file_end,HIGH,COMPLETED,2025-07-30T17:04:20.616985
romfs/fe/tuto_007.rtz,0x4B2A,簀℀籫搀丰簰㸀漀쀰ﰰ렰뤰옰쌰휰洰Ȱꀰ埵{$336600}アタックした<|側|がわ|>のパワー{$,CAGE A/C م {$336600} THE POWER OF<|側|がわ|>,0.70,file_end,HIGH,COMPLETED,2025-07-30T17:04:20.886457
romfs/fe/tuto_013.rtz,0x2CDB,籾쌰꼰簰㸀唀谰昰䐰弰쬰쌰젰䰰ူ♇{$336600}<|右側|みぎがわ|>のリアガードでアタック,タ__COLOR_0リアKANJI_0__,0.70,file_end,HIGH,COMPLETED,2025-07-30T17:04:21.113866
romfs/fe/tuto_013.rtz,0x2CDD,쌰꼰簰㸀唀谰昰䐰弰쬰쌰젰䰰ူ♇{$336600}<|右側|みぎがわ|>のリアガードでアタック{, __COLOR_0リアKANJI_0__ ATTACK WITH REAR GUARD {,0.70,file_end,HIGH,COMPLETED,2025-07-30T17:04:21.341085
romfs/fe/tuto_013.rtz,0x2CDF,쌰꼰簰㸀唀谰昰䐰弰쬰쌰젰䰰ူ♇{$336600}<|右側|みぎがわ|>のリアガードでアタック{$,タ__COLOR_0リアKANJI_0__ ATTACK WITH REAR GUARD {$,0.70,file_end,HIGH,COMPLETED,2025-07-30T17:04:21.570976
romfs/fe/tuto_013.rtz,0x2CE1,꼰簰㸀唀谰昰䐰弰쬰쌰젰䰰ူ♇{$336600}<|右側|みぎがわ|>のリアガードでアタック{$}, __COLOR_0<|右側|みぎがわ|> ATAC{$},0.70,file_end,HIGH,COMPLETED,2025-07-30T17:04:21.861516
romfs/fe/tuto_013.rtz,0x2D2B,リアガードでアタック,Attack with Rear Guard,0.70,file_end,HIGH,COMPLETED,2025-07-30T17:04:22.019557
romfs/fe/tuto_013.rtz,0x2D2D,アガードでアタック{,Attack with Aggard {,0.70,file_end,HIGH,COMPLETED,2025-07-30T17:04:22.195174
romfs/fe/tuto_013.rtz,0x2D2F,ガードでアタック{$,Attack with Guard {$,0.70,file_end,HIGH,COMPLETED,2025-07-30T17:04:22.364372
romfs/fe/tuto_013.rtz,0x2F9B,댰䰰㰰簀℀籱樀簰㸀䐀蠰洰ἰ㩽{$336600}<|右側|みぎがわ|>のリアガードでヴァンガード,ヴァンa/c __COLOR_0GuardKANJI_0__,0.70,file_end,HIGH,COMPLETED,2025-07-30T17:04:22.607694
romfs/fe/tuto_013.rtz,0x2F9D,䰰㰰簀℀籱樀簰㸀䐀蠰洰ἰ㩽{$336600}<|右側|みぎがわ|>のリアガードでヴァンガードに,ヴァンa/c __COLOR_0 KANJI_0__,0.70,file_end,HIGH,COMPLETED,2025-07-30T17:04:22.864324
romfs/fe/tuto_013.rtz,0x2FEB,ガードでヴァンガード,VanGuard with Guard,0.70,file_end,HIGH,COMPLETED,2025-07-30T17:04:23.024052
romfs/fe/tuto_013.rtz,0x2FED,ードでヴァンガードに,VanGuard,0.70,file_end,HIGH,COMPLETED,2025-07-30T17:04:23.200993
romfs/fe/tuto_013.rtz,0x2FEF,ドでヴァンガードに{,To VanGuard with Do {,0.70,file_end,HIGH,COMPLETED,2025-07-30T17:04:23.383719
romfs/fe/tuto_013.rtz,0x2FF1,でヴァンガードに{$,In VanGuard {$,0.70,file_end,HIGH,COMPLETED,2025-07-30T17:04:23.558822
romfs/fe/tuto_013.rtz,0x2FF3,ヴァンガードに{$},{$} ON VANGUARD,0.70,file_end,HIGH,COMPLETED,2025-07-30T17:04:23.748962
romfs/fe/tuto_013.rtz,0x35DB,く|>のヴァンガード,Home,0.70,file_end,HIGH,COMPLETED,2025-07-30T17:04:24.821402
romfs/fe/tuto_013.rtz,0x35DD,|>のヴァンガードに,|> VanGuard,0.70,file_end,HIGH,COMPLETED,2025-07-30T17:04:25.009379
romfs/fe/tuto_013.rtz,0x35DF,>のヴァンガードにア,> VanGuard,0.70,file_end,HIGH,COMPLETED,2025-07-30T17:04:25.179027
romfs/fe/tuto_013.rtz,0x35E1,のヴァンガードにアタ,The VanGuard,0.70,file_end,HIGH,COMPLETED,2025-07-30T17:04:25.355346
romfs/fe/tuto_013.rtz,0x35E3,ヴァンガードにアタッ,VanGuard,0.70,file_end,HIGH,COMPLETED,2025-07-30T17:04:25.524749
romfs/fe/tuto_013.rtz,0x35E5,ァンガードにアタック,Attack on VanGuard,0.70,file_end,HIGH,COMPLETED,2025-07-30T17:04:25.695809
romfs/fe/tuto_013.rtz,0x35E7,ンガードにアタックが,Attack on Ngurd,0.70,file_end,HIGH,COMPLETED,2025-07-30T17:04:25.871308
romfs/fe/tuto_013.rtz,0x35E9,ガードにアタックがヒ,Attack on the Guard,0.70,file_end,HIGH,COMPLETED,2025-07-30T17:04:26.043743
romfs/fe/tuto_012.rtz,0x2BF3,と|>のヴァンガード,VanGuard,0.70,file_end,HIGH,COMPLETED,2025-07-30T17:04:26.221095
romfs/fe/tuto_012.rtz,0x2BF5,|>のヴァンガードは,_> VanGuard,0.70,file_end,HIGH,COMPLETED,2025-07-30T17:04:26.390127
romfs/fe/tuto_012.rtz,0x2D65,……쀍覞符␀㌀㌀㘀㘀　　紀준쌰휰븰ﰰ笰␀紀欀㰰簀Ā粐䨀估簰㸀褀樰䐰栰䐰儰樰䐰渰Ȱ뜰㐄續{$336600}お<|互|たが|>いのヴァンガードがグレード３<|以上|いじょう|>{$}の<|時|とき|>,......アパートCOURT APARTMENTS...... KANJI_2__,0.70,file_end,HIGH,COMPLETED,2025-07-30T17:04:26.722783
romfs/fe/tuto_012.rtz,0x2D8F,␀紀欀㰰簀Ā粐䨀估簰㸀褀樰䐰栰䐰儰樰䐰渰Ȱ뜰㐄續{$336600}お<|互|たが|>いのヴァンガード,KANJI_0{$336600},0.70,file_end,HIGH,COMPLETED,2025-07-30T17:04:26.966569
romfs/fe/tuto_012.rtz,0x2D91,紀欀㰰簀Ā粐䨀估簰㸀褀樰䐰栰䐰儰樰䐰渰Ȱ뜰㐄續{$336600}お<|互|たが|>いのヴァンガードが,KANJI_0{$336600},0.70,file_end,HIGH,COMPLETED,2025-07-30T17:04:27.203455
romfs/fe/tuto_012.rtz,0x2D93,欀㰰簀Ā粐䨀估簰㸀褀樰䐰栰䐰儰樰䐰渰Ȱ뜰㐄續{$336600}お<|互|たが|>いのヴァンガードがグ, {$336600}O<|互|たが|>,0.70,file_end,HIGH,COMPLETED,2025-07-30T17:04:27.434334
romfs/fe/tuto_012.rtz,0x2D95,㰰簀Ā粐䨀估簰㸀褀樰䐰栰䐰儰樰䐰渰Ȱ뜰㐄續{$336600}お<|互|たが|>いのヴァンガードがグレ, {$336600}O<|互|たが|>,0.70,file_end,HIGH,COMPLETED,2025-07-30T17:04:27.683637
romfs/fe/tuto_012.rtz,0x2DDF,|>いのヴァンガード,HOME,0.70,file_end,HIGH,COMPLETED,2025-07-30T17:04:27.851496
romfs/fe/tuto_012.rtz,0x2DE1,>いのヴァンガードが,> VanGuard,0.70,file_end,HIGH,COMPLETED,2025-07-30T17:04:28.015797
romfs/fe/tuto_012.rtz,0x2DE3,いのヴァンガードがグ,VanGuard,0.70,file_end,HIGH,COMPLETED,2025-07-30T17:04:28.189662
romfs/fe/tuto_012.rtz,0x2DE5,のヴァンガードがグレ,VanGuard,0.70,file_end,HIGH,COMPLETED,2025-07-30T17:04:28.391771
romfs/fe/tuto_012.rtz,0x2DE7,ヴァンガードがグレー,VanGuard Grey,0.70,file_end,HIGH,COMPLETED,2025-07-30T17:04:28.567865
romfs/fe/tuto_012.rtz,0x3225,ၮ쏯❎쬰쌰젰漰笰␀㌀㌀㘀㘀　　紀䀀㈀㐀저휰줰ꐰ혰笰␀紀鈀㰰簀Ā籣舀簰㸀挀昰䐰昰ਰ笀␀㌀㌀㘀㘀　　紀ጀ㳿簀籖䬀䐰簰㸀준ꐰ혰섰ꜰ쌰꼰䰰朰䴰謰笰␀紀渀蠰Ȱꜰ肈㧅ヴァンガードの<|上|うえ|>に<,  Apartment Apartment   ki (sing) 紀 ki  apartment   ki  ki  VanGuard<|上|うえ|><,0.70,file_end,HIGH,COMPLETED,2025-07-30T17:04:28.882843
romfs/fe/tuto_012.rtz,0x3227,쏯❎쬰쌰젰漰笰␀㌀㌀㘀㘀　　紀䀀㈀㐀저휰줰ꐰ혰笰␀紀鈀㰰簀Ā籣舀簰㸀挀昰䐰昰ਰ笀␀㌀㌀㘀㘀　　紀ጀ㳿簀籖䬀䐰簰㸀준ꐰ혰섰ꜰ쌰꼰䰰朰䴰謰笰␀紀渀蠰Ȱꜰ肈㧅ヴァンガードの<|上|うえ|>に<|,  Apartment Apartment   Kishin (Shou) 紀 Kishin Apartment   Kishinki ヴァン VanGuard<|上|うえ|>,0.70,file_end,HIGH,COMPLETED,2025-07-30T17:04:29.166776
romfs/fe/tuto_012.rtz,0x3229,❎쬰쌰젰漰笰␀㌀㌀㘀㘀　　紀䀀㈀㐀저휰줰ꐰ혰笰␀紀鈀㰰簀Ā籣舀簰㸀挀昰䐰昰ਰ笀␀㌀㌀㘀㘀　　紀ጀ㳿簀籖䬀䐰簰㸀준ꐰ혰섰ꜰ쌰꼰䰰朰䴰謰笰␀紀渀蠰Ȱꜰ肈㧅ヴァンガードの<|上|うえ|>に<|重,  Apartment Apartment   Kishin (Shou) 紀 Kishin Apartment   Kishinki ヴァン VanGuard<|上|うえ|>,0.70,file_end,HIGH,COMPLETED,2025-07-30T17:04:29.456401
romfs/fe/tuto_012.rtz,0x322B,쬰쌰젰漰笰␀㌀㌀㘀㘀　　紀䀀㈀㐀저휰줰ꐰ혰笰␀紀鈀㰰簀Ā籣舀簰㸀挀昰䐰昰ਰ笀␀㌀㌀㘀㘀　　紀ጀ㳿簀籖䬀䐰簰㸀준ꐰ혰섰ꜰ쌰꼰䰰朰䴰謰笰␀紀渀蠰Ȱꜰ肈㧅ヴァンガードの<|上|うえ|>に<|重|,  Apartment Apartment   Kishin (Shou) 紀 Kishin Apartment   Kishinki ヴァン VanGuard<|上|うえ|>,0.70,file_end,HIGH,COMPLETED,2025-07-30T17:04:29.753647
romfs/fe/tuto_012.rtz,0x322D,쬰쌰젰漰笰␀㌀㌀㘀㘀　　紀䀀㈀㐀저휰줰ꐰ혰笰␀紀鈀㰰簀Ā籣舀簰㸀挀昰䐰昰ਰ笀␀㌀㌀㘀㘀　　紀ጀ㳿簀籖䬀䐰簰㸀준ꐰ혰섰ꜰ쌰꼰䰰朰䴰謰笰␀紀渀蠰Ȱꜰ肈㧅ヴァンガードの<|上|うえ|>に<|重|か,  Apartment Apartment   Kishin (Shou) 紀 Kishin Apartment   Kishinki ヴァン VanGuard<|上|うえ|>,0.70,file_end,HIGH,COMPLETED,2025-07-30T17:04:30.059046
romfs/fe/tuto_012.rtz,0x322F,쌰젰漰笰␀㌀㌀㘀㘀　　紀䀀㈀㐀저휰줰ꐰ혰笰␀紀鈀㰰簀Ā籣舀簰㸀挀昰䐰昰ਰ笀␀㌀㌀㘀㘀　　紀ጀ㳿簀籖䬀䐰簰㸀준ꐰ혰섰ꜰ쌰꼰䰰朰䴰謰笰␀紀渀蠰Ȱꜰ肈㧅ヴァンガードの<|上|うえ|>に<|重|かさ,  Apartment Apartment   Kishin (Shou) 紀 Kishin Apartment   Kishinki ヴァン VanGuard<|上|うえ|>,0.70,file_end,HIGH,COMPLETED,2025-07-30T17:04:30.358639
romfs/fe/tuto_012.rtz,0x3231,젰漰笰␀㌀㌀㘀㘀　　紀䀀㈀㐀저휰줰ꐰ혰笰␀紀鈀㰰簀Ā籣舀簰㸀挀昰䐰昰ਰ笀␀㌀㌀㘀㘀　　紀ጀ㳿簀籖䬀䐰簰㸀준ꐰ혰섰ꜰ쌰꼰䰰朰䴰謰笰␀紀渀蠰Ȱꜰ肈㧅ヴァンガードの<|上|うえ|>に<|重|かさ|,  Apartment Apartment   Kishin (Shou) 紀 Kishin Apartment   Kishinki ヴァン VanGuard<|上|うえ|>,0.70,file_end,HIGH,COMPLETED,2025-07-30T17:04:30.668496
romfs/fe/tuto_012.rtz,0x3233,漰笰␀㌀㌀㘀㘀　　紀䀀㈀㐀저휰줰ꐰ혰笰␀紀鈀㰰簀Ā籣舀簰㸀挀昰䐰昰ਰ笀␀㌀㌀㘀㘀　　紀ጀ㳿簀籖䬀䐰簰㸀준ꐰ혰섰ꜰ쌰꼰䰰朰䴰謰笰␀紀渀蠰Ȱꜰ肈㧅ヴァンガードの<|上|うえ|>に<|重|かさ|>, Apartment㘀㘀 Kishin(Shou)紀KI紀Apartment  KANJI_0<|重|かさ|>,0.70,file_end,HIGH,COMPLETED,2025-07-30T17:04:30.970512
romfs/fe/tuto_012.rtz,0x3235,笰␀㌀㌀㘀㘀　　紀䀀㈀㐀저휰줰ꐰ혰笰␀紀鈀㰰簀Ā籣舀簰㸀挀昰䐰昰ਰ笀␀㌀㌀㘀㘀　　紀ጀ㳿簀籖䬀䐰簰㸀준ꐰ혰섰ꜰ쌰꼰䰰朰䴰謰笰␀紀渀蠰Ȱꜰ肈㧅ヴァンガードの<|上|うえ|>に<|重|かさ|>ね, Apartment㘀㘀 ki (Shou)Apartment㘀㘀 ki kiヴァンVanGuard<|上|うえ|><|重|かさ|>ne,0.70,file_end,HIGH,COMPLETED,2025-07-30T17:04:31.285505
romfs/fe/tuto_012.rtz,0x3237,␀㌀㌀㘀㘀　　紀䀀㈀㐀저휰줰ꐰ혰笰␀紀鈀㰰簀Ā籣舀簰㸀挀昰䐰昰ਰ笀␀㌀㌀㘀㘀　　紀ጀ㳿簀籖䬀䐰簰㸀준ꐰ혰섰ꜰ쌰꼰䰰朰䴰謰笰␀紀渀蠰Ȱꜰ肈㧅ヴァンガードの<|上|うえ|>に<|重|かさ|>ねて, ApartmentApartmentApartmentApartmentApartmentApartmentApartmentApartmentApartmentApartmentApartmentApartmentApartmentApartmentApartmentApartmentApartmentApartmentApartmentApartmentApartmentApartmentApartmentApartmentApartmentApartmentApartmentApartmentApartmentApartmentApartmentApartmentApartmentApartmentApartmentApartmentApartmentApartmentApartmentApartmentApartmentApartmentApartmentApartmentApartmentApartmentApartmentApartmentApartmentApartmentApartmentApartmentApartmentApartmentApartmentApartmentApartmentApartmentApartmentApartmentApartmentApartmentApartmentApartmentApartmentApartmentApartmentApartmentApartmentApartmentApartmentApartmentApartmentApartmentApartmentApartmentApartmentApartmentApartmentApartmentApartmentApartmentApartmentApartmentApart,0.70,file_end,HIGH,COMPLETED,2025-07-30T17:04:32.810739
romfs/fe/tuto_012.rtz,0x3273,挀昰䐰昰ਰ笀␀㌀㌀㘀㘀　　紀ጀ㳿簀籖䬀䐰簰㸀준ꐰ혰섰ꜰ쌰꼰䰰朰䴰謰笰␀紀渀蠰Ȱꜰ肈㧅ヴァンガード,  Apartment㘀㘀 Bolivia,0.70,file_end,HIGH,COMPLETED,2025-07-30T17:04:33.007627
romfs/fe/tuto_012.rtz,0x3275,昰䐰昰ਰ笀␀㌀㌀㘀㘀　　紀ጀ㳿簀籖䬀䐰簰㸀준ꐰ혰섰ꜰ쌰꼰䰰朰䴰謰笰␀紀渀蠰Ȱꜰ肈㧅ヴァンガードの,Apartment for Rent in Bolivia,0.70,file_end,HIGH,COMPLETED,2025-07-30T17:04:33.214918
romfs/fe/tuto_012.rtz,0x3277,䐰昰ਰ笀␀㌀㌀㘀㘀　　紀ጀ㳿簀籖䬀䐰簰㸀준ꐰ혰섰ꜰ쌰꼰䰰朰䴰謰笰␀紀渀蠰Ȱꜰ肈㧅ヴァンガードの<,Apartment for Rent in Bolivia<,0.70,file_end,HIGH,COMPLETED,2025-07-30T17:04:33.432584
romfs/fe/tuto_012.rtz,0x3279,昰ਰ笀␀㌀㌀㘀㘀　　紀ጀ㳿簀籖䬀䐰簰㸀준ꐰ혰섰ꜰ쌰꼰䰰朰䴰謰笰␀紀渀蠰Ȱꜰ肈㧅ヴァンガードの<|,  Apartment Apartment㘀㘀 紀 紀 VanGuard<|,0.70,file_end,HIGH,COMPLETED,2025-07-30T17:04:33.637060
romfs/fe/tuto_012.rtz,0x327B,ਰ笀␀㌀㌀㘀㘀　　紀ጀ㳿簀籖䬀䐰簰㸀준ꐰ혰섰ꜰ쌰꼰䰰朰䴰謰笰␀紀渀蠰Ȱꜰ肈㧅ヴァンガードの<|上,  Apartment Apartment㘀㘀 紀 紀 VANGUARD<,0.70,file_end,HIGH,COMPLETED,2025-07-30T17:04:33.847518
romfs/fe/tuto_012.rtz,0x327D,笀␀㌀㌀㘀㘀　　紀ጀ㳿簀籖䬀䐰簰㸀준ꐰ혰섰ꜰ쌰꼰䰰朰䴰謰笰␀紀渀蠰Ȱꜰ肈㧅ヴァンガードの<|上|,  Apartment Apartment㘀㘀 紀 紀 VanGuard<|上|,0.70,file_end,HIGH,COMPLETED,2025-07-30T17:04:34.064228
romfs/fe/tuto_012.rtz,0x327F,␀㌀㌀㘀㘀　　紀ጀ㳿簀籖䬀䐰簰㸀준ꐰ혰섰ꜰ쌰꼰䰰朰䴰謰笰␀紀渀蠰Ȱꜰ肈㧅ヴァンガードの<|上|う,  Apartment Apartment㘀㘀 紀 紀 VanGuard<|上|う,0.70,file_end,HIGH,COMPLETED,2025-07-30T17:04:34.285638
romfs/fe/tuto_012.rtz,0x3281,㌀㌀㘀㘀　　紀ጀ㳿簀籖䬀䐰簰㸀준ꐰ혰섰ꜰ쌰꼰䰰朰䴰謰笰␀紀渀蠰Ȱꜰ肈㧅ヴァンガードの<|上|うえ,Apartment Apartment  紀 紀 VanGuard<|上|うえ,0.70,file_end,HIGH,COMPLETED,2025-07-30T17:04:34.504954
romfs/fe/tuto_012.rtz,0x3283,㌀㘀㘀　　紀ጀ㳿簀籖䬀䐰簰㸀준ꐰ혰섰ꜰ쌰꼰䰰朰䴰謰笰␀紀渀蠰Ȱꜰ肈㧅ヴァンガードの<|上|うえ|,Apartment  紀 紀 VanGuard<|上|うえ|,0.70,file_end,HIGH,COMPLETED,2025-07-30T17:04:34.717255
romfs/fe/tuto_012.rtz,0x3285,㘀㘀　　紀ጀ㳿簀籖䬀䐰簰㸀준ꐰ혰섰ꜰ쌰꼰䰰朰䴰謰笰␀紀渀蠰Ȱꜰ肈㧅ヴァンガードの<|上|うえ|>,  KANJI_0__,0.70,file_end,HIGH,COMPLETED,2025-07-30T17:04:34.938511
romfs/fe/tuto_012.rtz,0x3287,㘀　　紀ጀ㳿簀籖䬀䐰簰㸀준ꐰ혰섰ꜰ쌰꼰䰰朰䴰謰笰␀紀渀蠰Ȱꜰ肈㧅ヴァンガードの<|上|うえ|>に,  KINOSHIKI VANGUARD <|上|うえ|>,0.70,file_end,HIGH,COMPLETED,2025-07-30T17:04:35.151720
romfs/fe/tuto_012.rtz,0x3289,紀ጀ㳿簀籖䬀䐰簰㸀준ꐰ혰섰ꜰ쌰꼰䰰朰䴰謰笰␀紀渀蠰Ȱꜰ肈㧅ヴァンガードの<|上|うえ|>に<,KINOSHIKI VANGUARD _<|上|うえ|><,0.70,file_end,HIGH,COMPLETED,2025-07-30T17:04:35.364088
romfs/fe/tuto_012.rtz,0x328B,紀ጀ㳿簀籖䬀䐰簰㸀준ꐰ혰섰ꜰ쌰꼰䰰朰䴰謰笰␀紀渀蠰Ȱꜰ肈㧅ヴァンガードの<|上|うえ|>に<|,KINOSHIKI VANGUARD _<|上|うえ|>,0.70,file_end,HIGH,COMPLETED,2025-07-30T17:04:35.579348
romfs/fe/tuto_012.rtz,0x328D,紀ጀ㳿簀籖䬀䐰簰㸀준ꐰ혰섰ꜰ쌰꼰䰰朰䴰謰笰␀紀渀蠰Ȱꜰ肈㧅ヴァンガードの<|上|うえ|>に<|重,KINOSHIKI VANGUARD _<|上|うえ|>,0.70,file_end,HIGH,COMPLETED,2025-07-30T17:04:35.799416
romfs/fe/tuto_012.rtz,0x328F,ጀ㳿簀籖䬀䐰簰㸀준ꐰ혰섰ꜰ쌰꼰䰰朰䴰謰笰␀紀渀蠰Ȱꜰ肈㧅ヴァンガードの<|上|うえ|>に<|重|, KI ヴァンVANGUARD _<|上|うえ|>,0.70,file_end,HIGH,COMPLETED,2025-07-30T17:04:36.028411
romfs/fe/tuto_012.rtz,0x329B,䐰簰㸀준ꐰ혰섰ꜰ쌰꼰䰰朰䴰謰笰␀紀渀蠰Ȱꜰ肈㧅ヴァンガード, KI  VANGUARD,0.70,file_end,HIGH,COMPLETED,2025-07-30T17:04:36.210528
romfs/fe/tuto_012.rtz,0x329D,簰㸀준ꐰ혰섰ꜰ쌰꼰䰰朰䴰謰笰␀紀渀蠰Ȱꜰ肈㧅ヴァンガードの, KI ヴァンVANGUARD,0.70,file_end,HIGH,COMPLETED,2025-07-30T17:04:36.404712
romfs/fe/tuto_012.rtz,0x329F,㸀준ꐰ혰섰ꜰ쌰꼰䰰朰䴰謰笰␀紀渀蠰Ȱꜰ肈㧅ヴァンガードの<, KI ヴァンVANGUARD <,0.70,file_end,HIGH,COMPLETED,2025-07-30T17:04:36.587707
romfs/fe/tuto_012.rtz,0x32A1,준ꐰ혰섰ꜰ쌰꼰䰰朰䴰謰笰␀紀渀蠰Ȱꜰ肈㧅ヴァンガードの<|, KI ヴァンVANGUARD,0.70,file_end,HIGH,COMPLETED,2025-07-30T17:04:36.779976
romfs/fe/tuto_012.rtz,0x32A3,ꐰ혰섰ꜰ쌰꼰䰰朰䴰謰笰␀紀渀蠰Ȱꜰ肈㧅ヴァンガードの<|上, KI ヴァンVANGUARD,0.70,file_end,HIGH,COMPLETED,2025-07-30T17:04:36.977222
romfs/fe/tuto_012.rtz,0x32AF,꼰䰰朰䴰謰笰␀紀渀蠰Ȱꜰ肈㧅ヴァンガード, KI  VANGUARD,0.70,file_end,HIGH,COMPLETED,2025-07-30T17:04:38.066360
romfs/fe/tuto_012.rtz,0x32B1,䰰朰䴰謰笰␀紀渀蠰Ȱꜰ肈㧅ヴァンガードの, KI ヴァンVANGUARD,0.70,file_end,HIGH,COMPLETED,2025-07-30T17:04:38.274088
romfs/fe/tuto_012.rtz,0x32B3,朰䴰謰笰␀紀渀蠰Ȱꜰ肈㧅ヴァンガードの<, KI ヴァンVANGUARD <,0.70,file_end,HIGH,COMPLETED,2025-07-30T17:04:38.456976
romfs/fe/tuto_012.rtz,0x32B5,䴰謰笰␀紀渀蠰Ȱꜰ肈㧅ヴァンガードの<|, KI ヴァンVANGUARD,0.70,file_end,HIGH,COMPLETED,2025-07-30T17:04:38.645827
romfs/fe/tuto_012.rtz,0x32B7,謰笰␀紀渀蠰Ȱꜰ肈㧅ヴァンガードの<|上, KI ヴァンVANGUARD,0.70,file_end,HIGH,COMPLETED,2025-07-30T17:04:38.848323
romfs/fe/tuto_012.rtz,0x32C3,Ȱꜰ肈㧅ヴァンガード,Luggage Storage VanGuard,0.70,file_end,HIGH,COMPLETED,2025-07-30T17:04:39.005490
romfs/fe/tuto_012.rtz,0x32C5,ꜰ肈㧅ヴァンガードの,  VanGuard,0.70,file_end,HIGH,COMPLETED,2025-07-30T17:04:39.177065
romfs/fe/tuto_012.rtz,0x32C7,肈㧅ヴァンガードの<,  VanGuard <,0.70,file_end,HIGH,COMPLETED,2025-07-30T17:04:39.345165
romfs/fe/tuto_012.rtz,0x32C9,㧅ヴァンガードの<|, VANGUARD,0.70,file_end,HIGH,COMPLETED,2025-07-30T17:04:39.529248
romfs/fe/tuto_012.rtz,0x32CB,ヴァンガードの<|上,VanGuard <|Top,0.70,file_end,HIGH,COMPLETED,2025-07-30T17:04:39.705390
romfs/fe/tuto_012.rtz,0x3811,あなたの{$336600}ヴァンガード{,YOUR{$336600} VANGUARD{,0.70,file_end,HIGH,COMPLETED,2025-07-30T17:04:39.896222
romfs/fe/tuto_012.rtz,0x3813,なたの{$336600}ヴァンガード{$,{$336600} VANGUARD {$,0.70,file_end,HIGH,COMPLETED,2025-07-30T17:04:40.099033
romfs/fe/tuto_012.rtz,0x3815,たの{$336600}ヴァンガード{$},_{$336600} VANGUARD{$},0.70,file_end,HIGH,COMPLETED,2025-07-30T17:04:40.324013
romfs/fe/tuto_012.rtz,0x3817,の{$336600}ヴァンガード{$}で,_{$336600}VANGUARD{$},0.70,file_end,HIGH,COMPLETED,2025-07-30T17:04:40.543360
romfs/fe/tuto_012.rtz,0x3819,{$336600}ヴァンガード{$}で,{$336600}VANG GUARD{$},0.70,file_end,HIGH,COMPLETED,2025-07-30T17:04:40.757908
romfs/fe/tuto_012.rtz,0x381B,"$336600}ヴァンガード{$}で
{","$336600} VANGUARD{$}
{",0.70,file_end,HIGH,COMPLETED,2025-07-30T17:04:41.061823
romfs/fe/tuto_012.rtz,0x381D,"336600}ヴァンガード{$}で
{$","336600}VANGUARD{$}
 {",0.70,file_end,HIGH,COMPLETED,2025-07-30T17:04:41.310021
romfs/fe/tuto_012.rtz,0x381F,"36600}ヴァンガード{$}で
{$3","36600} VANGUARD{$}
{",0.70,file_end,HIGH,COMPLETED,2025-07-30T17:04:41.549415
romfs/fe/tuto_012.rtz,0x3821,"6600}ヴァンガード{$}で
{$33","6600} VANGUARD{$}
{",0.70,file_end,HIGH,COMPLETED,2025-07-30T17:04:41.789836
romfs/fe/tuto_012.rtz,0x3823,"600}ヴァンガード{$}で
{$336","600} VANGUARD{$}
{$336",0.70,file_end,HIGH,COMPLETED,2025-07-30T17:04:42.039597
romfs/fe/tuto_012.rtz,0x3825,"00}ヴァンガード{$}で
{$3366","00} VANGUARD{$}
{$3366",0.70,file_end,HIGH,COMPLETED,2025-07-30T17:04:42.270281
romfs/fe/tuto_012.rtz,0x3827,"0}ヴァンガード{$}で
{$33660","0} VANGUARD{$}
{$33660",0.70,file_end,HIGH,COMPLETED,2025-07-30T17:04:42.512944
romfs/fe/tuto_012.rtz,0x3829,"}ヴァンガード{$}で
{$336600","}VANGUARD{$}
{$336600",0.70,file_end,HIGH,COMPLETED,2025-07-30T17:04:42.754899
romfs/fe/tuto_012.rtz,0x382B,ヴァンガード{$}で,VANGUARD{$},0.70,file_end,HIGH,COMPLETED,2025-07-30T17:04:42.946292
romfs/fe/tuto_012.rtz,0x385F,し|>のヴァンガード,VanGuard,0.70,file_end,HIGH,COMPLETED,2025-07-30T17:04:43.115129
romfs/fe/tuto_012.rtz,0x3861,|>のヴァンガードに,|> VanGuard,0.70,file_end,HIGH,COMPLETED,2025-07-30T17:04:43.298960
romfs/fe/tuto_012.rtz,0x3863,>のヴァンガードにア,> VanGuard,0.70,file_end,HIGH,COMPLETED,2025-07-30T17:04:43.457097
romfs/fe/tuto_012.rtz,0x3865,のヴァンガードにアタ,The VanGuard,0.70,file_end,HIGH,COMPLETED,2025-07-30T17:04:43.627521
romfs/fe/tuto_012.rtz,0x3867,ヴァンガードにアタッ,VanGuard,0.70,file_end,HIGH,COMPLETED,2025-07-30T17:04:43.790091
romfs/fe/tuto_012.rtz,0x3869,ァンガードにアタック,Attack on VanGuard,0.70,file_end,HIGH,COMPLETED,2025-07-30T17:04:43.959272
romfs/fe/tuto_012.rtz,0x386B,ンガードにアタック{,Attack on UnGuard {,0.70,file_end,HIGH,COMPLETED,2025-07-30T17:04:44.124412
romfs/fe/tuto_012.rtz,0x386D,ガードにアタック{$,Attack on Guard {$,0.70,file_end,HIGH,COMPLETED,2025-07-30T17:04:44.299148
romfs/fe/tuto_012.rtz,0x388F,否䀺㈀㔀帀䃿㈀䌀縀朰䈰謰錰怰Ȱ㰰簀쨀籖匀錰䬰䐰簰㸀漀İਰ䀀㈀㔀怀䬰褰İ笰␀㌀㌀㘀㘀　　紀ᄀ㳿簀騀籧縀䐰簰㸀笀␀紀洀Ȱ기ꆻ蓽{$336600}ヴァンガードサークル{$}と{$336600}Ｇゾーン{, ( )ᄀ( )ᄀİᄀ( )ᄀİアパート APARTMENT㘀㘀 紀 {$336600}VANGUARD CIRCLE{$} AND{$336600}G ZONE{,0.70,file_end,HIGH,COMPLETED,2025-07-30T17:04:44.681708
romfs/fe/tuto_012.rtz,0x3891,䀺㈀㔀帀䃿㈀䌀縀朰䈰謰錰怰Ȱ㰰簀쨀籖匀錰䬰䐰簰㸀漀İਰ䀀㈀㔀怀䬰褰İ笰␀㌀㌀㘀㘀　　紀ᄀ㳿簀騀籧縀䐰簰㸀笀␀紀洀Ȱ기ꆻ蓽{$336600}ヴァンガードサークル{$}と{$336600}Ｇゾーン{$, (S)ᄀ(S)ᄀ(S)ᄀ(S)ᄀ(S) (S) (S) (S) (S)) (S) (S) (S)) (S) (S) (S)) (S) (S) (S) (S) (S) (S) ) (S) (S) (S) (S) (S) (S) (S) (S) (S)(S)(S)(S)(S)(S)(S)(S)(S)(S)(S)(S)(S),0.70,file_end,HIGH,COMPLETED,2025-07-30T17:04:45.759735
romfs/fe/tuto_012.rtz,0x3893,䀺㈀㔀帀䃿㈀䌀縀朰䈰謰錰怰Ȱ㰰簀쨀籖匀錰䬰䐰簰㸀漀İਰ䀀㈀㔀怀䬰褰İ笰␀㌀㌀㘀㘀　　紀ᄀ㳿簀騀籧縀䐰簰㸀笀␀紀洀Ȱ기ꆻ蓽{$336600}ヴァンガードサークル{$}と{$336600}Ｇゾーン{$}, (S)ᄀ(S)ᄀİᄀ(S)ᄀİ APART  KI {$336600}VANGUARD CIRCLE{$} AND{$336600}G ZONE{$},0.70,file_end,HIGH,COMPLETED,2025-07-30T17:04:46.156106
romfs/fe/tuto_012.rtz,0x3895,㈀㔀帀䃿㈀䌀縀朰䈰謰錰怰Ȱ㰰簀쨀籖匀錰䬰䐰簰㸀漀İਰ䀀㈀㔀怀䬰褰İ笰␀㌀㌀㘀㘀　　紀ᄀ㳿簀騀籧縀䐰簰㸀笀␀紀洀Ȱ기ꆻ蓽{$336600}ヴァンガードサークル{$}と{$336600}Ｇゾーン{$}に,(COLOR_0__ VANGUARD CIRCLE{$} AND{$336600}G ZONE{$},0.70,file_end,HIGH,COMPLETED,2025-07-30T17:04:46.460881
romfs/fe/tuto_012.rtz,0x3897,㔀帀䃿㈀䌀縀朰䈰謰錰怰Ȱ㰰簀쨀籖匀錰䬰䐰簰㸀漀İਰ䀀㈀㔀怀䬰褰İ笰␀㌀㌀㘀㘀　　紀ᄀ㳿簀騀籧縀䐰簰㸀笀␀紀洀Ȱ기ꆻ蓽{$336600}ヴァンガードサークル{$}と{$336600}Ｇゾーン{$}に{, (S)ᄀİᄀ(S)ᄀİアパートAPARTMENT  紀 {$336600}VANG GUARD CIRCLE{$} AND{$336600}G ZONE{$},0.70,file_end,HIGH,COMPLETED,2025-07-30T17:04:46.868562
romfs/fe/tuto_012.rtz,0x3899,帀䃿㈀䌀縀朰䈰謰錰怰Ȱ㰰簀쨀籖匀錰䬰䐰簰㸀漀İਰ䀀㈀㔀怀䬰褰İ笰␀㌀㌀㘀㘀　　紀ᄀ㳿簀騀籧縀䐰簰㸀笀␀紀洀Ȱ기ꆻ蓽{$336600}ヴァンガードサークル{$}と{$336600}Ｇゾーン{$}に{$, (S)ᄀİᄀ(S)ᄀİアパートAPARTMENT㘀㘀 BC__{$336600}VANG GUARD CIRCLE{$} AND{$336600}G ZONE{$} TO {$,0.70,file_end,HIGH,COMPLETED,2025-07-30T17:04:47.433497
romfs/fe/tuto_012.rtz,0x389B,䃿㈀䌀縀朰䈰謰錰怰Ȱ㰰簀쨀籖匀錰䬰䐰簰㸀漀İਰ䀀㈀㔀怀䬰褰İ笰␀㌀㌀㘀㘀　　紀ᄀ㳿簀騀籧縀䐰簰㸀笀␀紀洀Ȱ기ꆻ蓽{$336600}ヴァンガードサークル{$}と{$336600}Ｇゾーン{$}に{$3, (S)ᄀİᄀ(S)ᄀİアパートAPARTMENT㘀㘀 紀 {$336600}VANG GUARD CIRCLE{$} AND{$336600}G ZONE{$} TO {$3,0.70,file_end,HIGH,COMPLETED,2025-07-30T17:04:47.848928
romfs/fe/tuto_012.rtz,0x389D,㈀䌀縀朰䈰謰錰怰Ȱ㰰簀쨀籖匀錰䬰䐰簰㸀漀İਰ䀀㈀㔀怀䬰褰İ笰␀㌀㌀㘀㘀　　紀ᄀ㳿簀騀籧縀䐰簰㸀笀␀紀洀Ȱ기ꆻ蓽{$336600}ヴァンガードサークル{$}と{$336600}Ｇゾーン{$}に{$33,(COLOR_1__ AND{$336600}G ZONE{$},0.70,file_end,HIGH,COMPLETED,2025-07-30T17:04:48.170406
romfs/fe/tuto_012.rtz,0x389F,䌀縀朰䈰謰錰怰Ȱ㰰簀쨀籖匀錰䬰䐰簰㸀漀İਰ䀀㈀㔀怀䬰褰İ笰␀㌀㌀㘀㘀　　紀ᄀ㳿簀騀籧縀䐰簰㸀笀␀紀洀Ȱ기ꆻ蓽{$336600}ヴァンガードサークル{$}と{$336600}Ｇゾーン{$}に{$336,İİᄀ(S)ᄀİアパート APARTMENTアパート 紀 {$336600}VANGGUARD CIRCLE{$} AND{$336600}G ZONE{$} TO {$336,0.70,file_end,HIGH,COMPLETED,2025-07-30T17:04:48.625516
romfs/fe/tuto_012.rtz,0x38A1,縀朰䈰謰錰怰Ȱ㰰簀쨀籖匀錰䬰䐰簰㸀漀İਰ䀀㈀㔀怀䬰褰İ笰␀㌀㌀㘀㘀　　紀ᄀ㳿簀騀籧縀䐰簰㸀笀␀紀洀Ȱ기ꆻ蓽{$336600}ヴァンガードサークル{$}と{$336600}Ｇゾーン{$}に{$3366,İİᄀ(S)ᄀİアパート APARTMENTアパート 紀 {$336600}VANGGUARD CIRCLE{$} AND{$336600}G ZONE{$} TO {$3366,0.70,file_end,HIGH,COMPLETED,2025-07-30T17:04:49.122005
romfs/fe/tuto_012.rtz,0x38A3,朰䈰謰錰怰Ȱ㰰簀쨀籖匀錰䬰䐰簰㸀漀İਰ䀀㈀㔀怀䬰褰İ笰␀㌀㌀㘀㘀　　紀ᄀ㳿簀騀籧縀䐰簰㸀笀␀紀洀Ȱ기ꆻ蓽{$336600}ヴァンガードサークル{$}と{$336600}Ｇゾーン{$}に{$33660,İİᄀ(S)ᄀİアパート APARTMENTアパート 紀 {$336600}VANGUARD CIRCLE{$} AND{$336600}G ZONE{$} TO {$33660,0.70,file_end,HIGH,COMPLETED,2025-07-30T17:04:49.635491
romfs/fe/tuto_012.rtz,0x38A5,䈰謰錰怰Ȱ㰰簀쨀籖匀錰䬰䐰簰㸀漀İਰ䀀㈀㔀怀䬰褰İ笰␀㌀㌀㘀㘀　　紀ᄀ㳿簀騀籧縀䐰簰㸀笀␀紀洀Ȱ기ꆻ蓽{$336600}ヴァンガードサークル{$}と{$336600}Ｇゾーン{$}に{$336600,İİᄀ(S)ᄀİアパート APARTMENTアパート 紀 {$336600}VANGUARD CIRCLE{$} AND{$336600}G ZONE{$} TO {$336600,0.70,file_end,HIGH,COMPLETED,2025-07-30T17:04:50.077411
romfs/fe/tuto_012.rtz,0x38A7,謰錰怰Ȱ㰰簀쨀籖匀錰䬰䐰簰㸀漀İਰ䀀㈀㔀怀䬰褰İ笰␀㌀㌀㘀㘀　　紀ᄀ㳿簀騀籧縀䐰簰㸀笀␀紀洀Ȱ기ꆻ蓽{$336600}ヴァンガードサークル{$}と{$336600}Ｇゾーン{$}に{$336600},İİᄀ(S)ᄀİアパート APARTMENTアパート 紀 {$336600}VANGUARD CIRCLE{$} AND{$336600}G ZONE{$},0.70,file_end,HIGH,COMPLETED,2025-07-30T17:04:50.439453
romfs/fe/tuto_012.rtz,0x38A9,錰怰Ȱ㰰簀쨀籖匀錰䬰䐰簰㸀漀İਰ䀀㈀㔀怀䬰褰İ笰␀㌀㌀㘀㘀　　紀ᄀ㳿簀騀籧縀䐰簰㸀笀␀紀洀Ȱ기ꆻ蓽{$336600}ヴァンガードサークル{$}と{$336600}Ｇゾーン{$}に{$336600}<,İİᄀ(S)ᄀİアパート APARTMENTアパート 紀 {$336600} VANGUARD CIRCLE{$} AND{$336600}G ZONE{$},0.70,file_end,HIGH,COMPLETED,2025-07-30T17:04:50.922252
romfs/fe/tuto_012.rtz,0x38AB,怰Ȱ㰰簀쨀籖匀錰䬰䐰簰㸀漀İਰ䀀㈀㔀怀䬰褰İ笰␀㌀㌀㘀㘀　　紀ᄀ㳿簀騀籧縀䐰簰㸀笀␀紀洀Ȱ기ꆻ蓽{$336600}ヴァンガードサークル{$}と{$336600}Ｇゾーン{$}に{$336600}<|,İİᄀ(YO)ᄀİアパート APARTMENTアパート 紀 {$336600}VANG GUARD CIRCLE{$} AND{$336600}G ZONE{$},0.70,file_end,HIGH,COMPLETED,2025-07-30T17:04:51.343541
romfs/fe/tuto_012.rtz,0x38AD,Ȱ㰰簀쨀籖匀錰䬰䐰簰㸀漀İਰ䀀㈀㔀怀䬰褰İ笰␀㌀㌀㘀㘀　　紀ᄀ㳿簀騀籧縀䐰簰㸀笀␀紀洀Ȱ기ꆻ蓽{$336600}ヴァンガードサークル{$}と{$336600}Ｇゾーン{$}に{$336600}<|表,İİᄀ(ZH)ᄀİアパート APARTMENTアパート 紀 {$336600} VANGUARD CIRCLE{$} AND{$336600}G ZONE{$},0.70,file_end,HIGH,COMPLETED,2025-07-30T17:04:51.906897
romfs/fe/tuto_012.rtz,0x38AF,㰰簀쨀籖匀錰䬰䐰簰㸀漀İਰ䀀㈀㔀怀䬰褰İ笰␀㌀㌀㘀㘀　　紀ᄀ㳿簀騀籧縀䐰簰㸀笀␀紀洀Ȱ기ꆻ蓽{$336600}ヴァンガードサークル{$}と{$336600}Ｇゾーン{$}に{$336600}<|表向,İİᄀ(ZH)ᄀİアパート APARTMENTアパート 紀 {$336600} VANGUARD CIRCLE{$} AND{$336600}G ZONE{$},0.70,file_end,HIGH,COMPLETED,2025-07-30T17:04:52.370443
romfs/fe/tuto_012.rtz,0x38B1,簀쨀籖匀錰䬰䐰簰㸀漀İਰ䀀㈀㔀怀䬰褰İ笰␀㌀㌀㘀㘀　　紀ᄀ㳿簀騀籧縀䐰簰㸀笀␀紀洀Ȱ기ꆻ蓽{$336600}ヴァンガードサークル{$}と{$336600}Ｇゾーン{$}に{$336600}<|表向|,İİᄀ(ZH)ᄀİアパート APARTMENTアパート 紀 {$336600} VANGUARD CIRCLE{$} AND{$336600}G ZONE{$},0.70,file_end,HIGH,COMPLETED,2025-07-30T17:04:52.966843
romfs/fe/tuto_012.rtz,0x38B3,쨀籖匀錰䬰䐰簰㸀漀İਰ䀀㈀㔀怀䬰褰İ笰␀㌀㌀㘀㘀　　紀ᄀ㳿簀騀籧縀䐰簰㸀笀␀紀洀Ȱ기ꆻ蓽{$336600}ヴァンガードサークル{$}と{$336600}Ｇゾーン{$}に{$336600}<|表向|お,İİᄀ(Ç)ᄀİアパート APARTMENTアパート 紀 {$336600} VANGUARD CIRCLE{$} AND{$336600}G ZONE{$},0.70,file_end,HIGH,COMPLETED,2025-07-30T17:04:54.332981
romfs/fe/tuto_012.rtz,0x38B5,籖匀錰䬰䐰簰㸀漀İਰ䀀㈀㔀怀䬰褰İ笰␀㌀㌀㘀㘀　　紀ᄀ㳿簀騀籧縀䐰簰㸀笀␀紀洀Ȱ기ꆻ蓽{$336600}ヴァンガードサークル{$}と{$336600}Ｇゾーン{$}に{$336600}<|表向|おも,İİᄀ(Ç)ᄀİアパート APARTMENTアパート 紀 {$336600} VANGUARD CIRCLE{$} AND{$336600}G ZONE{$},0.70,file_end,HIGH,COMPLETED,2025-07-30T17:04:54.895283
romfs/fe/tuto_012.rtz,0x38B7,籖匀錰䬰䐰簰㸀漀İਰ䀀㈀㔀怀䬰褰İ笰␀㌀㌀㘀㘀　　紀ᄀ㳿簀騀籧縀䐰簰㸀笀␀紀洀Ȱ기ꆻ蓽{$336600}ヴァンガードサークル{$}と{$336600}Ｇゾーン{$}に{$336600}<|表向|おもて,İİᄀ(S)ᄀİアパート APARTMENTアパート 紀 {$336600} VANGUARD CIRCLE{$} AND{$336600}G ZONE{$},0.70,file_end,HIGH,COMPLETED,2025-07-30T17:04:55.340543
romfs/fe/tuto_012.rtz,0x38B9,匀錰䬰䐰簰㸀漀İਰ䀀㈀㔀怀䬰褰İ笰␀㌀㌀㘀㘀　　紀ᄀ㳿簀騀籧縀䐰簰㸀笀␀紀洀Ȱ기ꆻ蓽{$336600}ヴァンガードサークル{$}と{$336600}Ｇゾーン{$}に{$336600}<|表向|おもてむ,İİᄀ(S)ᄀİアパート APARTMENTアパート 紀 {$336600} VANGUARD CIRCLE{$} AND{$336600}G ZONE{$},0.70,file_end,HIGH,COMPLETED,2025-07-30T17:04:55.754194
romfs/fe/tuto_012.rtz,0x38BB,錰䬰䐰簰㸀漀İਰ䀀㈀㔀怀䬰褰İ笰␀㌀㌀㘀㘀　　紀ᄀ㳿簀騀籧縀䐰簰㸀笀␀紀洀Ȱ기ꆻ蓽{$336600}ヴァンガードサークル{$}と{$336600}Ｇゾーン{$}に{$336600}<|表向|おもてむ|,İİᄀ(SHOU)アパートİアパート APARTMENTアパート 紀 {$336600}VANG GUARD CIRCLE{$} AND{$336600}G ZONE{$},0.70,file_end,HIGH,COMPLETED,2025-07-30T17:04:56.205788
romfs/fe/tuto_012.rtz,0x38C7,İਰ䀀㈀㔀怀䬰褰İ笰␀㌀㌀㘀㘀　　紀ᄀ㳿簀騀籧縀䐰簰㸀笀␀紀洀Ȱ기ꆻ蓽{$336600}ヴァンガード,İ ()ᄀİアパート APARTMENT㘀㘀 紀 {$336600} VANGUARD,0.70,file_end,HIGH,COMPLETED,2025-07-30T17:04:56.556701
romfs/fe/tuto_012.rtz,0x38C9,ਰ䀀㈀㔀怀䬰褰İ笰␀㌀㌀㘀㘀　　紀ᄀ㳿簀騀籧縀䐰簰㸀笀␀紀洀Ȱ기ꆻ蓽{$336600}ヴァンガードサ, ᄀİアパート APARTMENT㘀㘀 紀 {$336600} VANGUARDA,0.70,file_end,HIGH,COMPLETED,2025-07-30T17:04:56.803292
romfs/fe/tuto_012.rtz,0x38CB,䀀㈀㔀怀䬰褰İ笰␀㌀㌀㘀㘀　　紀ᄀ㳿簀騀籧縀䐰簰㸀笀␀紀洀Ȱ기ꆻ蓽{$336600}ヴァンガードサー, ᄀİアパート APARTMENT㘀㘀 紀 {$336600} VANGUARDER,0.70,file_end,HIGH,COMPLETED,2025-07-30T17:04:57.048546
romfs/fe/tuto_012.rtz,0x38CD,㈀㔀怀䬰褰İ笰␀㌀㌀㘀㘀　　紀ᄀ㳿簀騀籧縀䐰簰㸀笀␀紀洀Ȱ기ꆻ蓽{$336600}ヴァンガードサーク,(COURTESY) İアパート APARTMENT㘀㘀 紀 {$336600} VANGUARD SARK,0.70,file_end,HIGH,COMPLETED,2025-07-30T17:04:57.316569
romfs/fe/tuto_012.rtz,0x38CF,㔀怀䬰褰İ笰␀㌀㌀㘀㘀　　紀ᄀ㳿簀騀籧縀䐰簰㸀笀␀紀洀Ȱ기ꆻ蓽{$336600}ヴァンガードサークル,İİ  APARTMENT  KIKINORI{$336600} VANGUARD CIRCLE,0.70,file_end,HIGH,COMPLETED,2025-07-30T17:04:57.559119
romfs/fe/tuto_012.rtz,0x38D1,怀䬰褰İ笰␀㌀㌀㘀㘀　　紀ᄀ㳿簀騀籧縀䐰簰㸀笀␀紀洀Ȱ기ꆻ蓽{$336600}ヴァンガードサークル{,İİ  APARTMENT  KIKINORI{$336600} VANGUARD CIRCLE{,0.70,file_end,HIGH,COMPLETED,2025-07-30T17:04:57.812514
romfs/fe/tuto_012.rtz,0x38D3,䬰褰İ笰␀㌀㌀㘀㘀　　紀ᄀ㳿簀騀籧縀䐰簰㸀笀␀紀洀Ȱ기ꆻ蓽{$336600}ヴァンガードサークル{$,İİ  APARTMENT  KIKINORI{$336600} VANGUARD CIRCLE{$,0.70,file_end,HIGH,COMPLETED,2025-07-30T17:04:58.054539
romfs/fe/tuto_012.rtz,0x38D5,褰İ笰␀㌀㌀㘀㘀　　紀ᄀ㳿簀騀籧縀䐰簰㸀笀␀紀洀Ȱ기ꆻ蓽{$336600}ヴァンガードサークル{$},İ  APARTMENT  紀 {$336600}VANGGUARD CIRCLE{$},0.70,file_end,HIGH,COMPLETED,2025-07-30T17:04:58.341433
romfs/fe/tuto_012.rtz,0x38D7,İ笰␀㌀㌀㘀㘀　　紀ᄀ㳿簀騀籧縀䐰簰㸀笀␀紀洀Ȱ기ꆻ蓽{$336600}ヴァンガードサークル{$}と,İ  APARTMENT  KIKINOKIアパート{$336600} VANGUARD CIRCLE{$},0.70,file_end,HIGH,COMPLETED,2025-07-30T17:04:58.690066
romfs/fe/tuto_012.rtz,0x38D9,笰␀㌀㌀㘀㘀　　紀ᄀ㳿簀騀籧縀䐰簰㸀笀␀紀洀Ȱ기ꆻ蓽{$336600}ヴァンガードサークル{$}と{,  APARTMENT㘀㘀 紀 {$336600}VANGUARD CIRCLE{$} AND {,0.70,file_end,HIGH,COMPLETED,2025-07-30T17:04:59.111168
romfs/fe/tuto_012.rtz,0x38DB,␀㌀㌀㘀㘀　　紀ᄀ㳿簀騀籧縀䐰簰㸀笀␀紀洀Ȱ기ꆻ蓽{$336600}ヴァンガードサークル{$}と{$,  APARTMENT   KIKINOKI {$336600} VANGUARD CIRCLE{$} AND {$,0.70,file_end,HIGH,COMPLETED,2025-07-30T17:04:59.443287
romfs/fe/tuto_012.rtz,0x38DD,㌀㌀㘀㘀　　紀ᄀ㳿簀騀籧縀䐰簰㸀笀␀紀洀Ȱ기ꆻ蓽{$336600}ヴァンガードサークル{$}と{$3,APARTMENT APARTMENT  KIKINORI{$336600} VANGUARD CIRCLE{$} AND {$3,0.70,file_end,HIGH,COMPLETED,2025-07-30T17:04:59.701876
romfs/fe/tuto_012.rtz,0x38DF,㌀㘀㘀　　紀ᄀ㳿簀騀籧縀䐰簰㸀笀␀紀洀Ȱ기ꆻ蓽{$336600}ヴァンガードサークル{$}と{$33,APARTMENT  紀 {$336600} VANGUARD CIRCLE{$} AND {$33,0.70,file_end,HIGH,COMPLETED,2025-07-30T17:04:59.954282
romfs/fe/tuto_012.rtz,0x38E1,㘀㘀　　紀ᄀ㳿簀騀籧縀䐰簰㸀笀␀紀洀Ȱ기ꆻ蓽{$336600}ヴァンガードサークル{$}と{$336,  紀 {$336600} VANGUARD CIRCLE{$} AND {$336,0.70,file_end,HIGH,COMPLETED,2025-07-30T17:05:00.208556
romfs/fe/tuto_012.rtz,0x38E3,㘀　　紀ᄀ㳿簀騀籧縀䐰簰㸀笀␀紀洀Ȱ기ꆻ蓽{$336600}ヴァンガードサークル{$}と{$3366,  紀 {$336600} VANGUARD CIRCLE{$} AND {$3366,0.70,file_end,HIGH,COMPLETED,2025-07-30T17:05:00.484975
romfs/fe/tuto_012.rtz,0x38EF,簀騀籧縀䐰簰㸀笀␀紀洀Ȱ기ꆻ蓽{$336600}ヴァンガード, KI {$336600} VANGUARD,0.70,file_end,HIGH,COMPLETED,2025-07-30T17:05:00.760859
romfs/fe/tuto_012.rtz,0x38F1,騀籧縀䐰簰㸀笀␀紀洀Ȱ기ꆻ蓽{$336600}ヴァンガードサ, KI {$336600} VANGUARDA,0.70,file_end,HIGH,COMPLETED,2025-07-30T17:05:00.980651
romfs/fe/tuto_012.rtz,0x38F3,籧縀䐰簰㸀笀␀紀洀Ȱ기ꆻ蓽{$336600}ヴァンガードサー, KI {$336600} VANGUARDER,0.70,file_end,HIGH,COMPLETED,2025-07-30T17:05:01.182758
romfs/fe/tuto_012.rtz,0x38F5,縀䐰簰㸀笀␀紀洀Ȱ기ꆻ蓽{$336600}ヴァンガードサーク, KI {$336600} VANGUARD SARK,0.70,file_end,HIGH,COMPLETED,2025-07-30T17:05:01.416404
romfs/fe/tuto_012.rtz,0x38F7,䐰簰㸀笀␀紀洀Ȱ기ꆻ蓽{$336600}ヴァンガードサークル, KI {$336600} VANGUARD CIRCLE,0.70,file_end,HIGH,COMPLETED,2025-07-30T17:05:01.621577
romfs/fe/tuto_012.rtz,0x3903,洀Ȱ기ꆻ蓽{$336600}ヴァンガード, {$336600} VANGUARD,0.70,file_end,HIGH,COMPLETED,2025-07-30T17:05:01.821591
romfs/fe/tuto_012.rtz,0x3905,Ȱ기ꆻ蓽{$336600}ヴァンガードサ, {$336600} VANGUARDSA,0.70,file_end,HIGH,COMPLETED,2025-07-30T17:05:02.025288
romfs/fe/tuto_012.rtz,0x3907,기ꆻ蓽{$336600}ヴァンガードサー, {$336600} VANGUARDER,0.70,file_end,HIGH,COMPLETED,2025-07-30T17:05:02.233682
romfs/fe/tuto_012.rtz,0x3909,ꆻ蓽{$336600}ヴァンガードサーク, {$336600} VANGUARD SARK,0.70,file_end,HIGH,COMPLETED,2025-07-30T17:05:02.445970
romfs/fe/tuto_012.rtz,0x390B,蓽{$336600}ヴァンガードサークル, {$336600} VANGUARD CIRCLE,0.70,file_end,HIGH,COMPLETED,2025-07-30T17:05:02.657294
romfs/fe/tuto_012.rtz,0x390D,{$336600}ヴァンガードサークル{$}と{$33660,{$336600} VANGUARD CIRCLE{$} AND {$33660,0.70,file_end,HIGH,COMPLETED,2025-07-30T17:05:02.953572
romfs/fe/tuto_012.rtz,0x390F,$336600}ヴァンガードサークル{$}と{$336600,$336600} VANGUARD CIRCLE{$} AND {$336600,0.70,file_end,HIGH,COMPLETED,2025-07-30T17:05:03.255657
romfs/fe/tuto_012.rtz,0x3911,336600}ヴァンガードサークル{$}と{$336600},336600} VANGUARD CIRCLE{$} AND{$336600},0.70,file_end,HIGH,COMPLETED,2025-07-30T17:05:03.524872
romfs/fe/tuto_012.rtz,0x3913,36600}ヴァンガードサークル{$}と,36600} VANGUARD CIRCLE{$},0.70,file_end,HIGH,COMPLETED,2025-07-30T17:05:03.741056
romfs/fe/tuto_012.rtz,0x3915,6600}ヴァンガードサークル{$}と{,6600} VANGUARD CIRCLE{$} AND {,0.70,file_end,HIGH,COMPLETED,2025-07-30T17:05:03.963529
romfs/fe/tuto_012.rtz,0x3917,600}ヴァンガードサークル{$}と{$,600} VANGUARD CIRCLE{$} AND {$,0.70,file_end,HIGH,COMPLETED,2025-07-30T17:05:04.180005
romfs/fe/tuto_012.rtz,0x3919,00}ヴァンガードサークル{$}と{$3,00} VANGUARD CIRCLE{$} AND {$3,0.70,file_end,HIGH,COMPLETED,2025-07-30T17:05:04.401882
romfs/fe/tuto_012.rtz,0x391B,0}ヴァンガードサークル{$}と{$33,0} VANGUARD CIRCLE{$} AND {$33,0.70,file_end,HIGH,COMPLETED,2025-07-30T17:05:04.658130
romfs/fe/tuto_012.rtz,0x391D,}ヴァンガードサークル{$}と{$336,} VANGUARD CIRCLE{$} AND {$336,0.70,file_end,HIGH,COMPLETED,2025-07-30T17:05:04.872438
romfs/fe/tuto_012.rtz,0x391F,ヴァンガードサークル{$}と{$3366,VANGUARD CIRCLE{$} AND {$3366,0.70,file_end,HIGH,COMPLETED,2025-07-30T17:05:05.090303
romfs/script/FEV_G_S_03.rtz,0x5856,㐰﹤뱋↠昺杩瑨戯汴獟慴瑲戯彳慦散╟㐰⹤整鷲ࢡ獢摟浵祭ꋝꏥ㨋癥湥⽴档⽲歲녟戌彳畤浭役摡੤鿪޹江慯敤ﱲ⋲૊攺敶瑮戯⽧歏쪓┄㈰앤솴◪昺杩瑨戯汴獟慴瑲戯彳慦散╟㐰彤摡⹤整顸Ӻ慦散ᨠ国㸄アタックされたパワー, <戯 م م م م م م م م م م م م م م م م م م م م م م م م م م,0.70,file_end,HIGH,COMPLETED,2025-07-30T17:05:05.517166
romfs/script/FEV_G_S_03.rtz,0x5858,﹤뱋↠昺杩瑨戯汴獟慴瑲戯彳慦散╟㐰⹤整鷲ࢡ獢摟浵祭ꋝꏥ㨋癥湥⽴档⽲歲녟戌彳畤浭役摡੤鿪޹江慯敤ﱲ⋲૊攺敶瑮戯⽧歏쪓┄㈰앤솴◪昺杩瑨戯汴獟慴瑲戯彳慦散╟㐰彤摡⹤整顸Ӻ慦散ᨠ国㸄アタックされたパワーと,م م م م م م م م م م م م م م م م م م م م م م م,0.70,file_end,HIGH,COMPLETED,2025-07-30T17:05:05.878119
romfs/script/FEV_G_S_03.rtz,0x585A,뱋↠昺杩瑨戯汴獟慴瑲戯彳慦散╟㐰⹤整鷲ࢡ獢摟浵祭ꋝꏥ㨋癥湥⽴档⽲歲녟戌彳畤浭役摡੤鿪޹江慯敤ﱲ⋲૊攺敶瑮戯⽧歏쪓┄㈰앤솴◪昺杩瑨戯汴獟慴瑲戯彳慦散╟㐰彤摡⹤整顸Ӻ慦散ᨠ国㸄アタックされたパワーと<,  م م م م م م م م م م م م م م م م م م م م م م م م م م م م,0.70,file_end,HIGH,COMPLETED,2025-07-30T17:05:06.488015
romfs/script/FEV_G_S_03.rtz,0x585C,↠昺杩瑨戯汴獟慴瑲戯彳慦散╟㐰⹤整鷲ࢡ獢摟浵祭ꋝꏥ㨋癥湥⽴档⽲歲녟戌彳畤浭役摡੤鿪޹江慯敤ﱲ⋲૊攺敶瑮戯⽧歏쪓┄㈰앤솴◪昺杩瑨戯汴獟慴瑲戯彳慦散╟㐰彤摡⹤整顸Ӻ慦散ᨠ国㸄アタックされたパワーと<|,م م م م م م م م م م م م م م م م م م م م م م م م م م م م م م م م م م م م م م م م م م,0.70,file_end,HIGH,COMPLETED,2025-07-30T17:05:07.103284
romfs/script/FEV_G_S_03.rtz,0x585E,昺杩瑨戯汴獟慴瑲戯彳慦散╟㐰⹤整鷲ࢡ獢摟浵祭ꋝꏥ㨋癥湥⽴档⽲歲녟戌彳畤浭役摡੤鿪޹江慯敤ﱲ⋲૊攺敶瑮戯⽧歏쪓┄㈰앤솴◪昺杩瑨戯汴獟慴瑲戯彳慦散╟㐰彤摡⹤整顸Ӻ慦散ᨠ国㸄アタックされたパワーと<|同,م م م م م م م م م م م م م م م م م م م م م م م م م م م م م م م م م م م م م م م م م م,0.70,file_end,HIGH,COMPLETED,2025-07-30T17:05:07.711785
romfs/script/FEV_G_S_03.rtz,0x5860,杩瑨戯汴獟慴瑲戯彳慦散╟㐰⹤整鷲ࢡ獢摟浵祭ꋝꏥ㨋癥湥⽴档⽲歲녟戌彳畤浭役摡੤鿪޹江慯敤ﱲ⋲૊攺敶瑮戯⽧歏쪓┄㈰앤솴◪昺杩瑨戯汴獟慴瑲戯彳慦散╟㐰彤摡⹤整顸Ӻ慦散ᨠ国㸄アタックされたパワーと<|同|,م م م م م م م م م م م م م م م م م م م م م م م م م م م م م م م م م م م م م م م م م م,0.70,file_end,HIGH,COMPLETED,2025-07-30T17:05:08.261213
romfs/script/FEV_G_S_03.rtz,0x5862,瑨戯汴獟慴瑲戯彳慦散╟㐰⹤整鷲ࢡ獢摟浵祭ꋝꏥ㨋癥湥⽴档⽲歲녟戌彳畤浭役摡੤鿪޹江慯敤ﱲ⋲૊攺敶瑮戯⽧歏쪓┄㈰앤솴◪昺杩瑨戯汴獟慴瑲戯彳慦散╟㐰彤摡⹤整顸Ӻ慦散ᨠ国㸄アタックされたパワーと<|同|お,م م م م م م م م م م م م م م م م م م م م م م م م م م م م م م م م م م م م م م م م م,0.70,file_end,HIGH,COMPLETED,2025-07-30T17:05:08.879167
romfs/script/FEV_G_S_03.rtz,0x5864,戯汴獟慴瑲戯彳慦散╟㐰⹤整鷲ࢡ獢摟浵祭ꋝꏥ㨋癥湥⽴档⽲歲녟戌彳畤浭役摡੤鿪޹江慯敤ﱲ⋲૊攺敶瑮戯⽧歏쪓┄㈰앤솴◪昺杩瑨戯汴獟慴瑲戯彳慦散╟㐰彤摡⹤整顸Ӻ慦散ᨠ国㸄アタックされたパワーと<|同|おな,م م م م م م م م م م م م م م م م م م م م م م م م م م م م م م م م م م م م م,0.70,file_end,HIGH,COMPLETED,2025-07-30T17:05:09.481580
romfs/script/FEV_G_S_03.rtz,0x5866,汴獟慴瑲戯彳慦散╟㐰⹤整鷲ࢡ獢摟浵祭ꋝꏥ㨋癥湥⽴档⽲歲녟戌彳畤浭役摡੤鿪޹江慯敤ﱲ⋲૊攺敶瑮戯⽧歏쪓┄㈰앤솴◪昺杩瑨戯汴獟慴瑲戯彳慦散╟㐰彤摡⹤整顸Ӻ慦散ᨠ国㸄アタックされたパワーと<|同|おな|,  م م م م م م م م م م م م م م م م م م م م م م م م م م م م,0.70,file_end,HIGH,COMPLETED,2025-07-30T17:05:09.947970
romfs/script/FEV_G_S_03.rtz,0x5868,獟慴瑲戯彳慦散╟㐰⹤整鷲ࢡ獢摟浵祭ꋝꏥ㨋癥湥⽴档⽲歲녟戌彳畤浭役摡੤鿪޹江慯敤ﱲ⋲૊攺敶瑮戯⽧歏쪓┄㈰앤솴◪昺杩瑨戯汴獟慴瑲戯彳慦散╟㐰彤摡⹤整顸Ӻ慦散ᨠ国㸄アタックされたパワーと<|同|おな|>,  م م م م م م م م م م م م م م م م م م م م م م م م م م م م م,0.70,file_end,HIGH,COMPLETED,2025-07-30T17:05:10.388952
romfs/script/FEV_G_S_03.rtz,0x586A,慴瑲戯彳慦散╟㐰⹤整鷲ࢡ獢摟浵祭ꋝꏥ㨋癥湥⽴档⽲歲녟戌彳畤浭役摡੤鿪޹江慯敤ﱲ⋲૊攺敶瑮戯⽧歏쪓┄㈰앤솴◪昺杩瑨戯汴獟慴瑲戯彳慦散╟㐰彤摡⹤整顸Ӻ慦散ᨠ国㸄アタックされたパワーと<|同|おな|>じ,  م م م م م م م م م م م م م م م م م م م م م م م م م م م م م,0.70,file_end,HIGH,COMPLETED,2025-07-30T17:05:11.879252
romfs/script/FEV_G_S_03.rtz,0x586E,戯彳慦散╟㐰⹤整鷲ࢡ獢摟浵祭ꋝꏥ㨋癥湥⽴档⽲歲녟戌彳畤浭役摡੤鿪޹江慯敤ﱲ⋲૊攺敶瑮戯⽧歏쪓┄㈰앤솴◪昺杩瑨戯汴獟慴瑲戯彳慦散╟㐰彤摡⹤整顸Ӻ慦散ᨠ国㸄アタックされたパワーと<|同|おな|>じパワ,م م م م م م م م م م م م م م م م م م م م م م م م م م م م م م,0.70,file_end,HIGH,COMPLETED,2025-07-30T17:05:12.485393
romfs/script/FEV_G_S_03.rtz,0x5870,彳慦散╟㐰⹤整鷲ࢡ獢摟浵祭ꋝꏥ㨋癥湥⽴档⽲歲녟戌彳畤浭役摡੤鿪޹江慯敤ﱲ⋲૊攺敶瑮戯⽧歏쪓┄㈰앤솴◪昺杩瑨戯汴獟慴瑲戯彳慦散╟㐰彤摡⹤整顸Ӻ慦散ᨠ国㸄アタックされたパワーと<|同|おな|>じパワー,  م م م م م م م م م م م م م م م م م م م م م م م م م م م م م م م م م م,0.70,file_end,HIGH,COMPLETED,2025-07-30T17:05:12.957232
romfs/script/FEV_G_S_03.rtz,0x5872,慦散╟㐰⹤整鷲ࢡ獢摟浵祭ꋝꏥ㨋癥湥⽴档⽲歲녟戌彳畤浭役摡੤鿪޹江慯敤ﱲ⋲૊攺敶瑮戯⽧歏쪓┄㈰앤솴◪昺杩瑨戯汴獟慴瑲戯彳慦散╟㐰彤摡⹤整顸Ӻ慦散ᨠ国㸄アタックされたパワーと<|同|おな|>じパワーで,  م م م م م م م م م م م م م م م م م م م م م م م م م م م م م م م م م م,0.70,file_end,HIGH,COMPLETED,2025-07-30T17:05:13.604615
romfs/script/FEV_G_S_03.rtz,0x5874,散╟㐰⹤整鷲ࢡ獢摟浵祭ꋝꏥ㨋癥湥⽴档⽲歲녟戌彳畤浭役摡੤鿪޹江慯敤ﱲ⋲૊攺敶瑮戯⽧歏쪓┄㈰앤솴◪昺杩瑨戯汴獟慴瑲戯彳慦散╟㐰彤摡⹤整顸Ӻ慦散ᨠ国㸄アタックされたパワーと<|同|おな|>じパワーで,م م م م م م م م م م م م م م م م م م م م م م م م م م م م م م م م م م م,0.70,file_end,HIGH,COMPLETED,2025-07-30T17:05:14.136615
romfs/script/FEV_G_S_03.rtz,0x5876,"╟㐰⹤整鷲ࢡ獢摟浵祭ꋝꏥ㨋癥湥⽴档⽲歲녟戌彳畤浭役摡੤鿪޹江慯敤ﱲ⋲૊攺敶瑮戯⽧歏쪓┄㈰앤솴◪昺杩瑨戯汴獟慴瑲戯彳慦散╟㐰彤摡⹤整顸Ӻ慦散ᨠ国㸄アタックされたパワーと<|同|おな|>じパワーで
ガ","  م م م م م م م م م 戯 戯 戯 戯 戯 戯 戯 戯 戯 戯 م م م م م م م م م م م م م   م  
HOME",0.70,file_end,HIGH,COMPLETED,2025-07-30T17:05:14.703678
romfs/script/FEV_G_S_03.rtz,0x5878,"㐰⹤整鷲ࢡ獢摟浵祭ꋝꏥ㨋癥湥⽴档⽲歲녟戌彳畤浭役摡੤鿪޹江慯敤ﱲ⋲૊攺敶瑮戯⽧歏쪓┄㈰앤솴◪昺杩瑨戯汴獟慴瑲戯彳慦散╟㐰彤摡⹤整顸Ӻ慦散ᨠ国㸄アタックされたパワーと<|同|おな|>じパワーで
ガー","  م م م م م م م م م 戯 戯 戯 戯 戯 戯 戯 戯 戯 戯 م م م م م م م م م م م م م   م  
",0.70,file_end,HIGH,COMPLETED,2025-07-30T17:05:15.335074
romfs/script/FEV_G_S_03.rtz,0x58BA,⋲૊攺敶瑮戯⽧歏쪓┄㈰앤솴◪昺杩瑨戯汴獟慴瑲戯彳慦散╟㐰彤摡⹤整顸Ӻ慦散ᨠ国㸄アタックされたパワー,          戯   顸Ӻ慦 顸Ӻ慦          ,0.70,file_end,HIGH,COMPLETED,2025-07-30T17:05:15.651650
romfs/script/FEV_G_S_03.rtz,0x58BC,૊攺敶瑮戯⽧歏쪓┄㈰앤솴◪昺杩瑨戯汴獟慴瑲戯彳慦散╟㐰彤摡⹤整顸Ӻ慦散ᨠ国㸄アタックされたパワーと,        戯 戯 戯 顸Ӻ慦 顸Ӻ慦          ,0.70,file_end,HIGH,COMPLETED,2025-07-30T17:05:15.954931
romfs/script/FEV_G_S_03.rtz,0x58BE,攺敶瑮戯⽧歏쪓┄㈰앤솴◪昺杩瑨戯汴獟慴瑲戯彳慦散╟㐰彤摡⹤整顸Ӻ慦散ᨠ国㸄アタックされたパワーと<,        戯 戯 戯   顸Ӻ慦              ,0.70,file_end,HIGH,COMPLETED,2025-07-30T17:05:16.297897
romfs/script/FEV_G_S_03.rtz,0x58C0,敶瑮戯⽧歏쪓┄㈰앤솴◪昺杩瑨戯汴獟慴瑲戯彳慦散╟㐰彤摡⹤整顸Ӻ慦散ᨠ国㸄アタックされたパワーと<|,        戯 戯 戯   顸Ӻ慦                                                ,0.70,file_end,HIGH,COMPLETED,2025-07-30T17:05:16.785135
romfs/script/FEV_G_S_03.rtz,0x58C2,瑮戯⽧歏쪓┄㈰앤솴◪昺杩瑨戯汴獟慴瑲戯彳慦散╟㐰彤摡⹤整顸Ӻ慦散ᨠ国㸄アタックされたパワーと<|同,        戯 戯 戯 戯                                        ,0.70,file_end,HIGH,COMPLETED,2025-07-30T17:05:17.254337
romfs/script/FEV_G_S_03.rtz,0x58C4,戯⽧歏쪓┄㈰앤솴◪昺杩瑨戯汴獟慴瑲戯彳慦散╟㐰彤摡⹤整顸Ӻ慦散ᨠ国㸄アタックされたパワーと<|同|,  (SUN) THE POWER OF THE WORLD OF THE WORLD OF THE WORLD OF THE WORLD OF THE WORLD OF THE WORLD OF THE WORLD OF THE WORLD OF THE WORLD OF 戯     戯 戯 戯 戯 戯  ,0.70,file_end,HIGH,COMPLETED,2025-07-30T17:05:17.670075
romfs/script/FEV_G_S_03.rtz,0x58C6,⽧歏쪓┄㈰앤솴◪昺杩瑨戯汴獟慴瑲戯彳慦散╟㐰彤摡⹤整顸Ӻ慦散ᨠ国㸄アタックされたパワーと<|同|お,  (SUN) THE POWER OF THE WORLD OF THE WORLD OF THE WORLD OF THE WORLD OF THE WORLD OF THE WORLD OF THE WORLD OF THE WORLD OF THE WORLD OF THE WORLD OF THE WORLD OF THE WORLD OF THE WORLD OF THE WORLD OF THE WORLD OF THE GAME AND THE < _ THE _,0.70,file_end,HIGH,COMPLETED,2025-07-30T17:05:18.327285
romfs/script/FEV_G_S_03.rtz,0x58C8,歏쪓┄㈰앤솴◪昺杩瑨戯汴獟慴瑲戯彳慦散╟㐰彤摡⹤整顸Ӻ慦散ᨠ国㸄アタックされたパワーと<|同|おな,  (SUN) THE POWER OF THE WORLD OF THE WORLD OF THE WORLD OF THE WORLD OF THE WORLD OF THE WORLD OF THE WORLD OF THE WORLD OF THE WORLD OF THE WORLD OF THE WORLD OF THE WORLD OF THE WORLD OF THE WORLD OF THE GAME AND THE < _ THE _,0.70,file_end,HIGH,COMPLETED,2025-07-30T17:05:18.740083
romfs/script/FEV_G_S_03.rtz,0x58CA,쪓┄㈰앤솴◪昺杩瑨戯汴獟慴瑲戯彳慦散╟㐰彤摡⹤整顸Ӻ慦散ᨠ国㸄アタックされたパワーと<|同|おな|,  (SUN) THE POWER OF THE WORLD OF THE WORLD OF THE WORLD OF THE WORLD OF THE WORLD OF THE WORLD OF THE WORLD OF THE WORLD OF THE WORLD OF THE WORLD OF THE WORLD OF THE WORLD OF THE WORLD OF THE WORLD OF THE WORLD OF THE WORLD OF THE GAME,0.70,file_end,HIGH,COMPLETED,2025-07-30T17:05:19.221287
romfs/script/FEV_G_S_03.rtz,0x58CC,┄㈰앤솴◪昺杩瑨戯汴獟慴瑲戯彳慦散╟㐰彤摡⹤整顸Ӻ慦散ᨠ国㸄アタックされたパワーと<|同|おな|>,╰(日)ATTACKED POWER AND<|同|おな|>,0.70,file_end,HIGH,COMPLETED,2025-07-30T17:05:19.605639
romfs/script/FEV_G_S_03.rtz,0x58CE,㈰앤솴◪昺杩瑨戯汴獟慴瑲戯彳慦散╟㐰彤摡⹤整顸Ӻ慦散ᨠ国㸄アタックされたパワーと<|同|おな|>じ,(日) 戯 ) 戯 戯 戯 戯 戯 戯 ) Power Power Power Power Power ) ) ) ) ),0.70,file_end,HIGH,COMPLETED,2025-07-30T17:05:20.043419
romfs/script/FEV_G_S_03.rtz,0x58E2,慴瑲戯彳慦散╟㐰彤摡⹤整顸Ӻ慦散ᨠ国㸄アタックされたパワー,ATTACKED POWER IN EMERGING COUNTRIES OF THE WORLD OF THE WORLD OF THE WORLD OF THE GAME,0.70,file_end,HIGH,COMPLETED,2025-07-30T17:05:20.336322
romfs/script/FEV_G_S_03.rtz,0x58F6,⹤整顸Ӻ慦散ᨠ国㸄アタックされたパワー,ATTACKED POWER IN EMERGING COUNTRIES,0.70,file_end,HIGH,COMPLETED,2025-07-30T17:05:20.594011
romfs/script/FEV_G_S_03.rtz,0x590A,アタックされたパワー,Attacked Power,0.70,file_end,HIGH,COMPLETED,2025-07-30T17:05:20.753937
romfs/script/FEV_G_S_03.rtz,0x592E,">じパワーで
ガード","> Power
",0.70,file_end,HIGH,COMPLETED,2025-07-30T17:05:20.954304
romfs/script/FEV_G_S_03.rtz,0x5930,"じパワーで
ガードし","Power
Guard",0.70,file_end,HIGH,COMPLETED,2025-07-30T17:05:21.173311
romfs/script/FEV_G_S_03.rtz,0x5932,"パワーで
ガードした","Power
Guarded",0.70,file_end,HIGH,COMPLETED,2025-07-30T17:05:21.391512
romfs/script/FEV_G_S_03.rtz,0x5A70,㰰簀攀䭑籢欀蔰䘰地蔰簰㸀圀縰地弰Ȱ吰㤦アタックされたパワー,AックED POWER TO PROTECT THE HABITAT,0.70,file_end,HIGH,COMPLETED,2025-07-30T17:05:21.571915
romfs/script/FEV_G_S_03.rtz,0x5A84,簰㸀圀縰地弰Ȱ吰㤦アタックされたパワー,AB ED POWER TO PROTECT THE HABITAT,0.70,file_end,HIGH,COMPLETED,2025-07-30T17:05:21.756677
romfs/script/FEV_G_S_03.rtz,0x5E9A,ん|>のヴァンガード,About VanGuard,0.70,file_end,HIGH,COMPLETED,2025-07-30T17:05:21.937747
romfs/script/FEV_G_S_03.rtz,0x5E9C,|>のヴァンガードが,_> VanGuard,0.70,file_end,HIGH,COMPLETED,2025-07-30T17:05:22.121671
romfs/script/FEV_G_S_03.rtz,0x5E9E,>のヴァンガードがア,> VanGuard,0.70,file_end,HIGH,COMPLETED,2025-07-30T17:05:22.286482
romfs/script/FEV_G_S_03.rtz,0x5EA0,のヴァンガードがアタ,The VanGuard,0.70,file_end,HIGH,COMPLETED,2025-07-30T17:05:22.455562
romfs/script/FEV_G_S_03.rtz,0x5EA2,ヴァンガードがアタッ,VanGuard,0.70,file_end,HIGH,COMPLETED,2025-07-30T17:05:22.623446
romfs/script/FEV_G_S_03.rtz,0x5EA4,ァンガードがアタック,VanGuard Attack,0.70,file_end,HIGH,COMPLETED,2025-07-30T17:05:22.814121
romfs/script/FEV_G_S_03.rtz,0x5EA6,ンガードがアタック,Ngurd Attack,0.70,file_end,HIGH,COMPLETED,2025-07-30T17:05:22.980424
romfs/script/FEV_G_S_03.rtz,0x5EA8,"ガードがアタック
さ","Guard Attack
Home",0.70,file_end,HIGH,COMPLETED,2025-07-30T17:05:23.210826
